x,y,z,r,g,b,radius
-100,-100,0,1,0.2,0.2,2.5
-100,-99.2,0,1,0.2,0.2,2.5
-100,-98.4,0,1,0.2,0.2,2.5
-100,-97.6,0,1,0.2,0.2,2.5
-100,-96.8,0,1,0.2,0.2,2.5
-100,-96,0,1,0.2,0.2,2.5
-100,-95.2,0,1,0.2,0.2,2.5
-100,-94.4,0,1,0.2,0.2,2.5
-100,-93.6,0,1,0.2,0.2,2.5
-100,-92.8,0,1,0.2,0.2,2.5
-100,-92,0,1,0.2,0.2,2.5
-100,-91.2,0,1,0.2,0.2,2.5
-100,-90.4,0,1,0.2,0.2,2.5
-100,-89.6,0,1,0.2,0.2,2.5
-100,-88.8,0,1,0.2,0.2,2.5
-100,-88,0,1,0.2,0.2,2.5
-100,-87.2,0,1,0.2,0.2,2.5
-100,-86.3999,0,1,0.2,0.2,2.5
-100,-85.5999,0,1,0.2,0.2,2.5
-100,-84.7999,0,1,0.2,0.2,2.5
-100,-83.9999,0,1,0.2,0.2,2.5
-100,-83.1999,0,1,0.2,0.2,2.5
-100,-82.3999,0,1,0.2,0.2,2.5
-100,-81.5999,0,1,0.2,0.2,2.5
-100,-80.7999,0,1,0.2,0.2,2.5
-100,-79.9999,0,1,0.2,0.2,2.5
-100,-79.1999,0,1,0.2,0.2,2.5
-100,-78.3999,0,1,0.2,0.2,2.5
-100,-77.5999,0,1,0.2,0.2,2.5
-100,-76.7999,0,1,0.2,0.2,2.5
-100,-75.9999,0,1,0.2,0.2,2.5
-100,-75.1999,0,1,0.2,0.2,2.5
-100,-74.3999,0,1,0.2,0.2,2.5
-100,-73.5999,0,1,0.2,0.2,2.5
-100,-72.7999,0,1,0.2,0.2,2.5
-100,-71.9999,0,1,0.2,0.2,2.5
-100,-71.1999,0,1,0.2,0.2,2.5
-100,-70.3999,0,1,0.2,0.2,2.5
-100,-69.5999,0,1,0.2,0.2,2.5
-100,-68.7999,0,1,0.2,0.2,2.5
-100,-67.9999,0,1,0.2,0.2,2.5
-100,-67.1999,0,1,0.2,0.2,2.5
-100,-66.3999,0,1,0.2,0.2,2.5
-100,-65.5999,0,1,0.2,0.2,2.5
-100,-64.7999,0,1,0.2,0.2,2.5
-100,-63.9999,0,1,0.2,0.2,2.5
-100,-63.1999,0,1,0.2,0.2,2.5
-100,-62.3999,0,1,0.2,0.2,2.5
-100,-61.5999,0,1,0.2,0.2,2.5
-100,-60.7999,0,1,0.2,0.2,2.5
-100,-59.9999,0,1,0.2,0.2,2.5
-100,-59.1999,0,1,0.2,0.2,2.5
-100,-58.3999,0,1,0.2,0.2,2.5
-100,-57.5999,0,1,0.2,0.2,2.5
-100,-56.7999,0,1,0.2,0.2,2.5
-100,-55.9999,0,1,0.2,0.2,2.5
-100,-55.1999,0,1,0.2,0.2,2.5
-100,-54.3999,0,1,0.2,0.2,2.5
-100,-53.5999,0,1,0.2,0.2,2.5
-100,-52.7999,0,1,0.2,0.2,2.5
-100,-51.9999,0,1,0.2,0.2,2.5
-100,-51.1999,0,1,0.2,0.2,2.5
-100,-50.3999,0,1,0.2,0.2,2.5
-100,-49.5999,0,1,0.2,0.2,2.5
-100,-48.7999,0,1,0.2,0.2,2.5
-100,-47.9999,0,1,0.2,0.2,2.5
-100,-47.1999,0,1,0.2,0.2,2.5
-100,-46.3999,0,1,0.2,0.2,2.5
-100,-45.5999,0,1,0.2,0.2,2.5
-100,-44.7999,0,1,0.2,0.2,2.5
-100,-43.9999,0,1,0.2,0.2,2.5
-100,-43.1999,0,1,0.2,0.2,2.5
-100,-42.3999,0,1,0.2,0.2,2.5
-100,-41.5999,0,1,0.2,0.2,2.5
-100,-40.7999,0,1,0.2,0.2,2.5
-100,-39.9999,0,1,0.2,0.2,2.5
-100,-39.1999,0,1,0.2,0.2,2.5
-100,-38.3999,0,1,0.2,0.2,2.5
-100,-37.5999,0,1,0.2,0.2,2.5
-100,-36.7999,0,1,0.2,0.2,2.5
-100,-35.9999,0,1,0.2,0.2,2.5
-100,-35.1999,0,1,0.2,0.2,2.5
-100,-34.3999,0,1,0.2,0.2,2.5
-100,-33.5999,0,1,0.2,0.2,2.5
-100,-32.7999,0,1,0.2,0.2,2.5
-100,-31.9999,0,1,0.2,0.2,2.5
-100,-31.1999,0,1,0.2,0.2,2.5
-100,-30.3999,0,1,0.2,0.2,2.5
-100,-29.5999,0,1,0.2,0.2,2.5
-100,-28.7999,0,1,0.2,0.2,2.5
-100,-27.9999,0,1,0.2,0.2,2.5
-100,-27.1999,0,1,0.2,0.2,2.5
-100,-26.3999,0,1,0.2,0.2,2.5
-100,-25.5999,0,1,0.2,0.2,2.5
-100,-24.7999,0,1,0.2,0.2,2.5
-100,-23.9999,0,1,0.2,0.2,2.5
-100,-23.1999,0,1,0.2,0.2,2.5
-100,-22.3999,0,1,0.2,0.2,2.5
-100,-21.5999,0,1,0.2,0.2,2.5
-100,-20.7999,0,1,0.2,0.2,2.5
-100,-19.9999,0,1,0.2,0.2,2.5
-100,-19.1999,0,1,0.2,0.2,2.5
-100,-18.3999,0,1,0.2,0.2,2.5
-100,-17.5999,0,1,0.2,0.2,2.5
-100,-16.7999,0,1,0.2,0.2,2.5
-100,-15.9999,0,1,0.2,0.2,2.5
-100,-15.1999,0,1,0.2,0.2,2.5
-100,-14.3999,0,1,0.2,0.2,2.5
-100,-13.5999,0,1,0.2,0.2,2.5
-100,-12.7999,0,1,0.2,0.2,2.5
-100,-11.9999,0,1,0.2,0.2,2.5
-100,-11.1999,0,1,0.2,0.2,2.5
-100,-10.3999,0,1,0.2,0.2,2.5
-100,-9.59991,0,1,0.2,0.2,2.5
-100,-8.79991,0,1,0.2,0.2,2.5
-100,-7.99991,0,1,0.2,0.2,2.5
-100,-7.19991,0,1,0.2,0.2,2.5
-100,-6.39991,0,1,0.2,0.2,2.5
-100,-5.59991,0,1,0.2,0.2,2.5
-100,-4.79991,0,1,0.2,0.2,2.5
-100,-3.99991,0,1,0.2,0.2,2.5
-100,-3.19991,0,1,0.2,0.2,2.5
-100,-2.39991,0,1,0.2,0.2,2.5
-100,-1.59991,0,1,0.2,0.2,2.5
-100,-0.799909,0,1,0.2,0.2,2.5
-100,9.11951e-05,0,1,0.2,0.2,2.5
-100,0.800091,0,1,0.2,0.2,2.5
-100,1.60009,0,1,0.2,0.2,2.5
-100,2.40009,0,1,0.2,0.2,2.5
-100,3.20009,0,1,0.2,0.2,2.5
-100,4.00009,0,1,0.2,0.2,2.5
-100,4.80009,0,1,0.2,0.2,2.5
-100,5.60009,0,1,0.2,0.2,2.5
-100,6.40009,0,1,0.2,0.2,2.5
-100,7.20009,0,1,0.2,0.2,2.5
-100,8.00009,0,1,0.2,0.2,2.5
-100,8.80009,0,1,0.2,0.2,2.5
-100,9.60009,0,1,0.2,0.2,2.5
-100,10.4001,0,1,0.2,0.2,2.5
-100,11.2001,0,1,0.2,0.2,2.5
-100,12.0001,0,1,0.2,0.2,2.5
-100,12.8001,0,1,0.2,0.2,2.5
-100,13.6001,0,1,0.2,0.2,2.5
-100,14.4001,0,1,0.2,0.2,2.5
-100,15.2001,0,1,0.2,0.2,2.5
-100,16.0001,0,1,0.2,0.2,2.5
-100,16.8001,0,1,0.2,0.2,2.5
-100,17.6001,0,1,0.2,0.2,2.5
-100,18.4001,0,1,0.2,0.2,2.5
-100,19.2001,0,1,0.2,0.2,2.5
-100,20.0001,0,1,0.2,0.2,2.5
-100,20.8001,0,1,0.2,0.2,2.5
-100,21.6001,0,1,0.2,0.2,2.5
-100,22.4001,0,1,0.2,0.2,2.5
-100,23.2001,0,1,0.2,0.2,2.5
-100,24.0001,0,1,0.2,0.2,2.5
-100,24.8001,0,1,0.2,0.2,2.5
-100,25.6001,0,1,0.2,0.2,2.5
-100,26.4001,0,1,0.2,0.2,2.5
-100,27.2001,0,1,0.2,0.2,2.5
-100,28.0001,0,1,0.2,0.2,2.5
-100,28.8001,0,1,0.2,0.2,2.5
-100,29.6001,0,1,0.2,0.2,2.5
-100,30.4001,0,1,0.2,0.2,2.5
-100,31.2001,0,1,0.2,0.2,2.5
-100,32.0001,0,1,0.2,0.2,2.5
-100,32.8001,0,1,0.2,0.2,2.5
-100,33.6001,0,1,0.2,0.2,2.5
-100,34.4001,0,1,0.2,0.2,2.5
-100,35.2001,0,1,0.2,0.2,2.5
-100,36.0001,0,1,0.2,0.2,2.5
-100,36.8001,0,1,0.2,0.2,2.5
-100,37.6001,0,1,0.2,0.2,2.5
-100,38.4001,0,1,0.2,0.2,2.5
-100,39.2001,0,1,0.2,0.2,2.5
-100,40.0001,0,1,0.2,0.2,2.5
-100,40.8001,0,1,0.2,0.2,2.5
-100,41.6001,0,1,0.2,0.2,2.5
-100,42.4001,0,1,0.2,0.2,2.5
-100,43.2001,0,1,0.2,0.2,2.5
-100,44.0001,0,1,0.2,0.2,2.5
-100,44.8001,0,1,0.2,0.2,2.5
-100,45.6001,0,1,0.2,0.2,2.5
-100,46.4001,0,1,0.2,0.2,2.5
-100,47.2001,0,1,0.2,0.2,2.5
-100,48.0001,0,1,0.2,0.2,2.5
-100,48.8001,0,1,0.2,0.2,2.5
-100,49.6001,0,1,0.2,0.2,2.5
-100,50.4001,0,1,0.2,0.2,2.5
-100,51.2001,0,1,0.2,0.2,2.5
-100,52.0001,0,1,0.2,0.2,2.5
-100,52.8001,0,1,0.2,0.2,2.5
-100,53.6001,0,1,0.2,0.2,2.5
-100,54.4001,0,1,0.2,0.2,2.5
-100,55.2001,0,1,0.2,0.2,2.5
-100,56.0001,0,1,0.2,0.2,2.5
-100,56.8001,0,1,0.2,0.2,2.5
-100,57.6001,0,1,0.2,0.2,2.5
-100,58.4001,0,1,0.2,0.2,2.5
-100,59.2001,0,1,0.2,0.2,2.5
-100,60.0001,0,1,0.2,0.2,2.5
-100,60.8001,0,1,0.2,0.2,2.5
-100,61.6001,0,1,0.2,0.2,2.5
-100,62.4001,0,1,0.2,0.2,2.5
-100,63.2001,0,1,0.2,0.2,2.5
-100,64.0001,0,1,0.2,0.2,2.5
-100,64.8001,0,1,0.2,0.2,2.5
-100,65.6001,0,1,0.2,0.2,2.5
-100,66.4001,0,1,0.2,0.2,2.5
-100,67.2001,0,1,0.2,0.2,2.5
-100,68.0001,0,1,0.2,0.2,2.5
-100,68.8001,0,1,0.2,0.2,2.5
-100,69.6001,0,1,0.2,0.2,2.5
-100,70.4001,0,1,0.2,0.2,2.5
-100,71.2001,0,1,0.2,0.2,2.5
-100,72.0001,0,1,0.2,0.2,2.5
-100,72.8001,0,1,0.2,0.2,2.5
-100,73.6001,0,1,0.2,0.2,2.5
-100,74.4001,0,1,0.2,0.2,2.5
-100,75.2001,0,1,0.2,0.2,2.5
-100,76.0001,0,1,0.2,0.2,2.5
-100,76.8001,0,1,0.2,0.2,2.5
-100,77.6001,0,1,0.2,0.2,2.5
-100,78.4001,0,1,0.2,0.2,2.5
-100,79.2001,0,1,0.2,0.2,2.5
-100,80.0001,0,1,0.2,0.2,2.5
-100,80.8001,0,1,0.2,0.2,2.5
-100,81.6001,0,1,0.2,0.2,2.5
-100,82.4001,0,1,0.2,0.2,2.5
-100,83.2001,0,1,0.2,0.2,2.5
-100,84.0001,0,1,0.2,0.2,2.5
-100,84.8001,0,1,0.2,0.2,2.5
-100,85.6001,0,1,0.2,0.2,2.5
-100,86.4001,0,1,0.2,0.2,2.5
-100,87.2001,0,1,0.2,0.2,2.5
-100,88.0001,0,1,0.2,0.2,2.5
-100,88.8001,0,1,0.2,0.2,2.5
-100,89.6002,0,1,0.2,0.2,2.5
-100,90.4002,0,1,0.2,0.2,2.5
-100,91.2002,0,1,0.2,0.2,2.5
-100,92.0002,0,1,0.2,0.2,2.5
-100,92.8002,0,1,0.2,0.2,2.5
-100,93.6002,0,1,0.2,0.2,2.5
-100,94.4002,0,1,0.2,0.2,2.5
-100,95.2002,0,1,0.2,0.2,2.5
-100,96.0002,0,1,0.2,0.2,2.5
-100,96.8002,0,1,0.2,0.2,2.5
-100,97.6002,0,1,0.2,0.2,2.5
-100,98.4002,0,1,0.2,0.2,2.5
-100,99.2002,0,1,0.2,0.2,2.5
-99.9363,-100,0,1,0.2,0.2,2.5
-99.5363,-99.9983,0,1,0.2,0.2,2.5
-99.1363,-99.9942,0,1,0.2,0.2,2.5
-98.7364,-99.9875,0,1,0.2,0.2,2.5
-98.3364,-99.9784,0,1,0.2,0.2,2.5
-97.9365,-99.9667,0,1,0.2,0.2,2.5
-97.5367,-99.9526,0,1,0.2,0.2,2.5
-97.1369,-99.9359,0,1,0.2,0.2,2.5
-96.7372,-99.9168,0,1,0.2,0.2,2.5
-96.3376,-99.8952,0,1,0.2,0.2,2.5
-95.938,-99.871,0,1,0.2,0.2,2.5
-95.5386,-99.8444,0,1,0.2,0.2,2.5
-95.1393,-99.8152,0,1,0.2,0.2,2.5
-94.7401,-99.7836,0,1,0.2,0.2,2.5
-94.341,-99.7495,0,1,0.2,0.2,2.5
-93.9421,-99.7129,0,1,0.2,0.2,2.5
-93.5433,-99.6738,0,1,0.2,0.2,2.5
-93.1447,-99.6322,0,1,0.2,0.2,2.5
-92.7463,-99.5881,0,1,0.2,0.2,2.5
-92.348,-99.5415,0,1,0.2,0.2,2.5
-91.95,-99.4924,0,1,0.2,0.2,2.5
-91.5521,-99.4409,0,1,0.2,0.2,2.5
-91.1544,-99.3868,0,1,0.2,0.2,2.5
-90.757,-99.3303,0,1,0.2,0.2,2.5
-90.3598,-99.2713,0,1,0.2,0.2,2.5
-89.9628,-99.2098,0,1,0.2,0.2,2.5
-89.5661,-99.1458,0,1,0.2,0.2,2.5
-89.1697,-99.0794,0,1,0.2,0.2,2.5
-88.7735,-99.0105,0,1,0.2,0.2,2.5
-88.3776,-98.9391,0,1,0.2,0.2,2.5
-87.982,-98.8652,0,1,0.2,0.2,2.5
-87.5867,-98.7888,0,1,0.2,0.2,2.5
-87.1917,-98.71,0,1,0.2,0.2,2.5
-86.797,-98.6287,0,1,0.2,0.2,2.5
-86.4026,-98.545,0,1,0.2,0.2,2.5
-86.0086,-98.4588,0,1,0.2,0.2,2.5
-85.615,-98.3701,0,1,0.2,0.2,2.5
-85.2217,-98.279,0,1,0.2,0.2,2.5
-84.8288,-98.1854,0,1,0.2,0.2,2.5
-84.4362,-98.0893,0,1,0.2,0.2,2.5
-84.044,-97.9908,0,1,0.2,0.2,2.5
-83.6523,-97.8899,0,1,0.2,0.2,2.5
-83.2609,-97.7865,0,1,0.2,0.2,2.5
-82.87,-97.6806,0,1,0.2,0.2,2.5
-82.4795,-97.5723,0,1,0.2,0.2,2.5
-82.0894,-97.4616,0,1,0.2,0.2,2.5
-81.6998,-97.3485,0,1,0.2,0.2,2.5
-81.3106,-97.2329,0,1,0.2,0.2,2.5
-80.9219,-97.1148,0,1,0.2,0.2,2.5
-80.5337,-96.9944,0,1,0.2,0.2,2.5
-80.146,-96.8715,0,1,0.2,0.2,2.5
-79.7588,-96.7462,0,1,0.2,0.2,2.5
-79.372,-96.6185,0,1,0.2,0.2,2.5
-78.9858,-96.4884,0,1,0.2,0.2,2.5
-78.6001,-96.3558,0,1,0.2,0.2,2.5
-78.215,-96.2209,0,1,0.2,0.2,2.5
-77.8304,-96.0835,0,1,0.2,0.2,2.5
-77.4463,-95.9438,0,1,0.2,0.2,2.5
-77.0628,-95.8016,0,1,0.2,0.2,2.5
-76.6799,-95.657,0,1,0.2,0.2,2.5
-76.2976,-95.5101,0,1,0.2,0.2,2.5
-75.9158,-95.3608,0,1,0.2,0.2,2.5
-75.5347,-95.209,0,1,0.2,0.2,2.5
-75.1541,-95.0549,0,1,0.2,0.2,2.5
-74.7742,-94.8985,0,1,0.2,0.2,2.5
-74.395,-94.7396,0,1,0.2,0.2,2.5
-74.0163,-94.5784,0,1,0.2,0.2,2.5
-73.6383,-94.4148,0,1,0.2,0.2,2.5
-73.261,-94.2489,0,1,0.2,0.2,2.5
-72.8844,-94.0806,0,1,0.2,0.2,2.5
-72.5084,-93.91,0,1,0.2,0.2,2.5
-72.1331,-93.737,0,1,0.2,0.2,2.5
-71.7585,-93.5616,0,1,0.2,0.2,2.5
-71.3846,-93.3839,0,1,0.2,0.2,2.5
-71.0114,-93.2039,0,1,0.2,0.2,2.5
-70.639,-93.0216,0,1,0.2,0.2,2.5
-70.2672,-92.8369,0,1,0.2,0.2,2.5
-69.8963,-92.6499,0,1,0.2,0.2,2.5
-69.526,-92.4606,0,1,0.2,0.2,2.5
-69.1566,-92.269,0,1,0.2,0.2,2.5
-68.7879,-92.0751,0,1,0.2,0.2,2.5
-68.42,-91.8789,0,1,0.2,0.2,2.5
-68.0529,-91.6803,0,1,0.2,0.2,2.5
-67.6866,-91.4795,0,1,0.2,0.2,2.5
-67.321,-91.2764,0,1,0.2,0.2,2.5
-66.9563,-91.071,0,1,0.2,0.2,2.5
-66.5925,-90.8634,0,1,0.2,0.2,2.5
-66.2294,-90.6534,0,1,0.2,0.2,2.5
-65.8672,-90.4412,0,1,0.2,0.2,2.5
-65.5059,-90.2268,0,1,0.2,0.2,2.5
-65.1454,-90.0101,0,1,0.2,0.2,2.5
-64.7858,-89.7911,0,1,0.2,0.2,2.5
-64.4271,-89.5699,0,1,0.2,0.2,2.5
-64.0693,-89.3464,0,1,0.2,0.2,2.5
-63.7123,-89.1208,0,1,0.2,0.2,2.5
-63.3563,-88.8928,0,1,0.2,0.2,2.5
-63.0012,-88.6627,0,1,0.2,0.2,2.5
-62.647,-88.4304,0,1,0.2,0.2,2.5
-62.2938,-88.1958,0,1,0.2,0.2,2.5
-61.9415,-87.959,0,1,0.2,0.2,2.5
-61.5901,-87.7201,0,1,0.2,0.2,2.5
-61.2397,-87.4789,0,1,0.2,0.2,2.5
-60.8903,-87.2356,0,1,0.2,0.2,2.5
-60.5418,-86.9901,0,1,0.2,0.2,2.5
-60.1944,-86.7423,0,1,0.2,0.2,2.5
-59.8479,-86.4925,0,1,0.2,0.2,2.5
-59.5024,-86.2405,0,1,0.2,0.2,2.5
-59.158,-85.9863,0,1,0.2,0.2,2.5
-58.8145,-85.7299,0,1,0.2,0.2,2.5
-58.4721,-85.4715,0,1,0.2,0.2,2.5
-58.1308,-85.2108,0,1,0.2,0.2,2.5
-57.7904,-84.9481,0,1,0.2,0.2,2.5
-57.4512,-84.6832,0,1,0.2,0.2,2.5
-57.113,-84.4162,0,1,0.2,0.2,2.5
-56.7759,-84.1471,0,1,0.2,0.2,2.5
-56.4398,-83.8759,0,1,0.2,0.2,2.5
-56.1049,-83.6026,0,1,0.2,0.2,2.5
-55.771,-83.3272,0,1,0.2,0.2,2.5
-55.4382,-83.0498,0,1,0.2,0.2,2.5
-55.1066,-82.7702,0,1,0.2,0.2,2.5
-54.7761,-82.4886,0,1,0.2,0.2,2.5
-54.4467,-82.2049,0,1,0.2,0.2,2.5
-54.1184,-81.9192,0,1,0.2,0.2,2.5
-53.7913,-81.6314,0,1,0.2,0.2,2.5
-53.4654,-81.3416,0,1,0.2,0.2,2.5
-53.1406,-81.0497,0,1,0.2,0.2,2.5
-52.817,-80.7558,0,1,0.2,0.2,2.5
-52.4946,-80.4599,0,1,0.2,0.2,2.5
-52.1733,-80.162,0,1,0.2,0.2,2.5
-51.8533,-79.8621,0,1,0.2,0.2,2.5
-51.5344,-79.5602,0,1,0.2,0.2,2.5
-51.2168,-79.2563,0,1,0.2,0.2,2.5
-50.9004,-78.9504,0,1,0.2,0.2,2.5
-50.5852,-78.6426,0,1,0.2,0.2,2.5
-50.2712,-78.3327,0,1,0.2,0.2,2.5
-49.9585,-78.021,0,1,0.2,0.2,2.5
-49.6471,-77.7072,0,1,0.2,0.2,2.5
-49.3369,-77.3915,0,1,0.2,0.2,2.5
-49.028,-77.0739,0,1,0.2,0.2,2.5
-48.7203,-76.7544,0,1,0.2,0.2,2.5
-48.4139,-76.4329,0,1,0.2,0.2,2.5
-48.1088,-76.1096,0,1,0.2,0.2,2.5
-47.805,-75.7843,0,1,0.2,0.2,2.5
-47.5026,-75.4571,0,1,0.2,0.2,2.5
-47.2014,-75.1281,0,1,0.2,0.2,2.5
-46.9015,-74.7972,0,1,0.2,0.2,2.5
-46.603,-74.4644,0,1,0.2,0.2,2.5
-46.3058,-74.1297,0,1,0.2,0.2,2.5
-46.01,-73.7932,0,1,0.2,0.2,2.5
-45.7155,-73.4548,0,1,0.2,0.2,2.5
-45.4223,-73.1146,0,1,0.2,0.2,2.5
-45.1306,-72.7726,0,1,0.2,0.2,2.5
-44.8402,-72.4288,0,1,0.2,0.2,2.5
-44.5511,-72.0831,0,1,0.2,0.2,2.5
-44.2635,-71.7357,0,1,0.2,0.2,2.5
-43.9773,-71.3864,0,1,0.2,0.2,2.5
-43.6924,-71.0354,0,1,0.2,0.2,2.5
-43.409,-70.6826,0,1,0.2,0.2,2.5
-43.127,-70.328,0,1,0.2,0.2,2.5
-42.8464,-69.9717,0,1,0.2,0.2,2.5
-42.5672,-69.6136,0,1,0.2,0.2,2.5
-42.2895,-69.2538,0,1,0.2,0.2,2.5
-42.0132,-68.8922,0,1,0.2,0.2,2.5
-41.7383,-68.5289,0,1,0.2,0.2,2.5
-41.4649,-68.1639,0,1,0.2,0.2,2.5
-41.193,-67.7972,0,1,0.2,0.2,2.5
-40.9226,-67.4288,0,1,0.2,0.2,2.5
-40.6536,-67.0588,0,1,0.2,0.2,2.5
-40.3861,-66.687,0,1,0.2,0.2,2.5
-40.1201,-66.3136,0,1,0.2,0.2,2.5
-39.8556,-65.9385,0,1,0.2,0.2,2.5
-39.5926,-65.5618,0,1,0.2,0.2,2.5
-39.3311,-65.1834,0,1,0.2,0.2,2.5
-39.0711,-64.8035,0,1,0.2,0.2,2.5
-38.8127,-64.4218,0,1,0.2,0.2,2.5
-38.5558,-64.0386,0,1,0.2,0.2,2.5
-38.3004,-63.6538,0,1,0.2,0.2,2.5
-38.0465,-63.2674,0,1,0.2,0.2,2.5
-37.7942,-62.8794,0,1,0.2,0.2,2.5
-37.5435,-62.4898,0,1,0.2,0.2,2.5
-37.2943,-62.0987,0,1,0.2,0.2,2.5
-37.0467,-61.706,0,1,0.2,0.2,2.5
-36.8007,-61.3118,0,1,0.2,0.2,2.5
-36.5562,-60.916,0,1,0.2,0.2,2.5
-36.3133,-60.5187,0,1,0.2,0.2,2.5
-36.0721,-60.1199,0,1,0.2,0.2,2.5
-35.8324,-59.7196,0,1,0.2,0.2,2.5
-35.5943,-59.3178,0,1,0.2,0.2,2.5
-35.3578,-58.9146,0,1,0.2,0.2,2.5
-35.123,-58.5098,0,1,0.2,0.2,2.5
-34.8898,-58.1036,0,1,0.2,0.2,2.5
-34.6582,-57.6959,0,1,0.2,0.2,2.5
-34.4282,-57.2868,0,1,0.2,0.2,2.5
-34.1999,-56.8763,0,1,0.2,0.2,2.5
-33.9732,-56.4643,0,1,0.2,0.2,2.5
-33.7482,-56.051,0,1,0.2,0.2,2.5
-33.5248,-55.6362,0,1,0.2,0.2,2.5
-33.3031,-55.22,0,1,0.2,0.2,2.5
-33.083,-54.8025,0,1,0.2,0.2,2.5
-32.8647,-54.3836,0,1,0.2,0.2,2.5
-32.648,-53.9633,0,1,0.2,0.2,2.5
-32.433,-53.5417,0,1,0.2,0.2,2.5
-32.2196,-53.1187,0,1,0.2,0.2,2.5
-32.008,-52.6944,0,1,0.2,0.2,2.5
-31.7981,-52.2688,0,1,0.2,0.2,2.5
-31.5899,-51.8419,0,1,0.2,0.2,2.5
-31.3833,-51.4137,0,1,0.2,0.2,2.5
-31.1786,-50.9842,0,1,0.2,0.2,2.5
-30.9755,-50.5534,0,1,0.2,0.2,2.5
-30.7741,-50.1214,0,1,0.2,0.2,2.5
-30.5745,-49.6881,0,1,0.2,0.2,2.5
-30.3766,-49.2536,0,1,0.2,0.2,2.5
-30.1805,-48.8178,0,1,0.2,0.2,2.5
-29.9861,-48.3808,0,1,0.2,0.2,2.5
-29.7934,-47.9426,0,1,0.2,0.2,2.5
-29.6025,-47.5033,0,1,0.2,0.2,2.5
-29.4134,-47.0627,0,1,0.2,0.2,2.5
-29.226,-46.6209,0,1,0.2,0.2,2.5
-29.0404,-46.178,0,1,0.2,0.2,2.5
-28.8566,-45.7339,0,1,0.2,0.2,2.5
-28.6746,-45.2887,0,1,0.2,0.2,2.5
-28.4943,-44.8424,0,1,0.2,0.2,2.5
-28.3158,-44.3949,0,1,0.2,0.2,2.5
-28.1392,-43.9463,0,1,0.2,0.2,2.5
-27.9643,-43.4967,0,1,0.2,0.2,2.5
-27.7912,-43.0459,0,1,0.2,0.2,2.5
-27.6199,-42.594,0,1,0.2,0.2,2.5
-27.4504,-42.1411,0,1,0.2,0.2,2.5
-27.2828,-41.6872,0,1,0.2,0.2,2.5
-27.1169,-41.2322,0,1,0.2,0.2,2.5
-26.9529,-40.7761,0,1,0.2,0.2,2.5
-26.7907,-40.3191,0,1,0.2,0.2,2.5
-26.6304,-39.861,0,1,0.2,0.2,2.5
-26.4718,-39.402,0,1,0.2,0.2,2.5
-26.3152,-38.9419,0,1,0.2,0.2,2.5
-26.1603,-38.4809,0,1,0.2,0.2,2.5
-26.0073,-38.019,0,1,0.2,0.2,2.5
-25.8562,-37.556,0,1,0.2,0.2,2.5
-25.7069,-37.0922,0,1,0.2,0.2,2.5
-25.5594,-36.6274,0,1,0.2,0.2,2.5
-25.4138,-36.1617,0,1,0.2,0.2,2.5
-25.2701,-35.695,0,1,0.2,0.2,2.5
-25.1283,-35.2275,0,1,0.2,0.2,2.5
-24.9883,-34.7591,0,1,0.2,0.2,2.5
-24.8502,-34.2899,0,1,0.2,0.2,2.5
-24.714,-33.8198,0,1,0.2,0.2,2.5
-24.5797,-33.3488,0,1,0.2,0.2,2.5
-24.4472,-32.877,0,1,0.2,0.2,2.5
-24.3166,-32.4044,0,1,0.2,0.2,2.5
-24.188,-31.931,0,1,0.2,0.2,2.5
-24.0612,-31.4568,0,1,0.2,0.2,2.5
-23.9363,-30.9818,0,1,0.2,0.2,2.5
-23.8133,-30.506,0,1,0.2,0.2,2.5
-23.6923,-30.0294,0,1,0.2,0.2,2.5
-23.5731,-29.5521,0,1,0.2,0.2,2.5
-23.4559,-29.0741,0,1,0.2,0.2,2.5
-23.3405,-28.5953,0,1,0.2,0.2,2.5
-23.2271,-28.1159,0,1,0.2,0.2,2.5
-23.1156,-27.6357,0,1,0.2,0.2,2.5
-23.006,-27.1548,0,1,0.2,0.2,2.5
-22.8984,-26.6733,0,1,0.2,0.2,2.5
-22.7926,-26.1911,0,1,0.2,0.2,2.5
-22.6888,-25.7082,0,1,0.2,0.2,2.5
-22.587,-25.2247,0,1,0.2,0.2,2.5
-22.487,-24.7405,0,1,0.2,0.2,2.5
-22.389,-24.2558,0,1,0.2,0.2,2.5
-22.293,-23.7704,0,1,0.2,0.2,2.5
-22.1989,-23.2844,0,1,0.2,0.2,2.5
-22.1067,-22.7979,0,1,0.2,0.2,2.5
-22.0165,-22.3108,0,1,0.2,0.2,2.5
-21.9282,-21.8231,0,1,0.2,0.2,2.5
-21.8419,-21.3349,0,1,0.2,0.2,2.5
-21.7576,-20.8461,0,1,0.2,0.2,2.5
-21.6751,-20.3568,0,1,0.2,0.2,2.5
-21.5947,-19.8671,0,1,0.2,0.2,2.5
-21.5162,-19.3768,0,1,0.2,0.2,2.5
-21.4397,-18.886,0,1,0.2,0.2,2.5
-21.3651,-18.3948,0,1,0.2,0.2,2.5
-21.2925,-17.9031,0,1,0.2,0.2,2.5
-21.2219,-17.4109,0,1,0.2,0.2,2.5
-21.1532,-16.9184,0,1,0.2,0.2,2.5
-21.0865,-16.4254,0,1,0.2,0.2,2.5
-21.0218,-15.932,0,1,0.2,0.2,2.5
-20.9591,-15.4381,0,1,0.2,0.2,2.5
-20.8983,-14.944,0,1,0.2,0.2,2.5
-20.8395,-14.4494,0,1,0.2,0.2,2.5
-20.7827,-13.9545,0,1,0.2,0.2,2.5
-20.7279,-13.4592,0,1,0.2,0.2,2.5
-20.6751,-12.9636,0,1,0.2,0.2,2.5
-20.6242,-12.4676,0,1,0.2,0.2,2.5
-20.5753,-11.9714,0,1,0.2,0.2,2.5
-20.5284,-11.4748,0,1,0.2,0.2,2.5
-20.4835,-10.978,0,1,0.2,0.2,2.5
-20.4406,-10.4809,0,1,0.2,0.2,2.5
-20.3997,-9.98348,0,1,0.2,0.2,2.5
-20.3607,-9.48586,0,1,0.2,0.2,2.5
-20.3238,-8.988,0,1,0.2,0.2,2.5
-20.2888,-8.48991,0,1,0.2,0.2,2.5
-20.2559,-7.99161,0,1,0.2,0.2,2.5
-20.2249,-7.49311,0,1,0.2,0.2,2.5
-20.1959,-6.99442,0,1,0.2,0.2,2.5
-20.1689,-6.49556,0,1,0.2,0.2,2.5
-20.144,-5.99654,0,1,0.2,0.2,2.5
-20.121,-5.49737,0,1,0.2,0.2,2.5
-20.1,-4.99806,0,1,0.2,0.2,2.5
-20.081,-4.49862,0,1,0.2,0.2,2.5
-20.064,-3.99907,0,1,0.2,0.2,2.5
-20.049,-3.49943,0,1,0.2,0.2,2.5
-20.036,-2.99969,0,1,0.2,0.2,2.5
-20.025,-2.49988,0,1,0.2,0.2,2.5
-20.016,-2.00001,0,1,0.2,0.2,2.5
-20.009,-1.50008,0,1,0.2,0.2,2.5
-20.004,-1.00012,0,1,0.2,0.2,2.5
-20.001,-0.500139,0,1,0.2,0.2,2.5
-20,-0.000140816,0,1,0.2,0.2,2.5
-20.001,0.499857,0,1,0.2,0.2,2.5
-20.004,0.999842,0,1,0.2,0.2,2.5
-20.009,1.4998,0,1,0.2,0.2,2.5
-20.016,1.99973,0,1,0.2,0.2,2.5
-20.025,2.4996,0,1,0.2,0.2,2.5
-20.036,2.99941,0,1,0.2,0.2,2.5
-20.049,3.49914,0,1,0.2,0.2,2.5
-20.064,3.99879,0,1,0.2,0.2,2.5
-20.081,4.49834,0,1,0.2,0.2,2.5
-20.1,4.99778,0,1,0.2,0.2,2.5
-20.121,5.49709,0,1,0.2,0.2,2.5
-20.144,5.99626,0,1,0.2,0.2,2.5
-20.1689,6.49528,0,1,0.2,0.2,2.5
-20.1959,6.99414,0,1,0.2,0.2,2.5
-20.2249,7.49283,0,1,0.2,0.2,2.5
-20.2559,7.99133,0,1,0.2,0.2,2.5
-20.2888,8.48963,0,1,0.2,0.2,2.5
-20.3238,8.98771,0,1,0.2,0.2,2.5
-20.3607,9.48558,0,1,0.2,0.2,2.5
-20.3997,9.9832,0,1,0.2,0.2,2.5
-20.4406,10.4806,0,1,0.2,0.2,2.5
-20.4835,10.9777,0,1,0.2,0.2,2.5
-20.5284,11.4745,0,1,0.2,0.2,2.5
-20.5753,11.9711,0,1,0.2,0.2,2.5
-20.6242,12.4673,0,1,0.2,0.2,2.5
-20.675,12.9633,0,1,0.2,0.2,2.5
-20.7279,13.4589,0,1,0.2,0.2,2.5
-20.7827,13.9542,0,1,0.2,0.2,2.5
-20.8395,14.4491,0,1,0.2,0.2,2.5
-20.8983,14.9437,0,1,0.2,0.2,2.5
-20.9591,15.4379,0,1,0.2,0.2,2.5
-21.0218,15.9317,0,1,0.2,0.2,2.5
-21.0865,16.4251,0,1,0.2,0.2,2.5
-21.1532,16.9181,0,1,0.2,0.2,2.5
-21.2219,17.4107,0,1,0.2,0.2,2.5
-21.2925,17.9028,0,1,0.2,0.2,2.5
-21.3651,18.3945,0,1,0.2,0.2,2.5
-21.4396,18.8857,0,1,0.2,0.2,2.5
-21.5162,19.3765,0,1,0.2,0.2,2.5
-21.5947,19.8668,0,1,0.2,0.2,2.5
-21.6751,20.3566,0,1,0.2,0.2,2.5
-21.7575,20.8458,0,1,0.2,0.2,2.5
-21.8419,21.3346,0,1,0.2,0.2,2.5
-21.9282,21.8228,0,1,0.2,0.2,2.5
-22.0164,22.3105,0,1,0.2,0.2,2.5
-22.1067,22.7976,0,1,0.2,0.2,2.5
-22.1988,23.2842,0,1,0.2,0.2,2.5
-22.2929,23.7701,0,1,0.2,0.2,2.5
-22.389,24.2555,0,1,0.2,0.2,2.5
-22.487,24.7402,0,1,0.2,0.2,2.5
-22.5869,25.2244,0,1,0.2,0.2,2.5
-22.6888,25.7079,0,1,0.2,0.2,2.5
-22.7926,26.1908,0,1,0.2,0.2,2.5
-22.8983,26.673,0,1,0.2,0.2,2.5
-23.006,27.1545,0,1,0.2,0.2,2.5
-23.1155,27.6354,0,1,0.2,0.2,2.5
-23.227,28.1156,0,1,0.2,0.2,2.5
-23.3405,28.5951,0,1,0.2,0.2,2.5
-23.4558,29.0738,0,1,0.2,0.2,2.5
-23.573,29.5519,0,1,0.2,0.2,2.5
-23.6922,30.0292,0,1,0.2,0.2,2.5
-23.8133,30.5057,0,1,0.2,0.2,2.5
-23.9362,30.9815,0,1,0.2,0.2,2.5
-24.0611,31.4565,0,1,0.2,0.2,2.5
-24.1879,31.9307,0,1,0.2,0.2,2.5
-24.3166,32.4042,0,1,0.2,0.2,2.5
-24.4471,32.8768,0,1,0.2,0.2,2.5
-24.5796,33.3486,0,1,0.2,0.2,2.5
-24.7139,33.8195,0,1,0.2,0.2,2.5
-24.8501,34.2896,0,1,0.2,0.2,2.5
-24.9882,34.7589,0,1,0.2,0.2,2.5
-25.1282,35.2273,0,1,0.2,0.2,2.5
-25.2701,35.6948,0,1,0.2,0.2,2.5
-25.4138,36.1614,0,1,0.2,0.2,2.5
-25.5593,36.6271,0,1,0.2,0.2,2.5
-25.7068,37.0919,0,1,0.2,0.2,2.5
-25.8561,37.5558,0,1,0.2,0.2,2.5
-26.0072,38.0187,0,1,0.2,0.2,2.5
-26.1602,38.4807,0,1,0.2,0.2,2.5
-26.3151,38.9417,0,1,0.2,0.2,2.5
-26.4718,39.4017,0,1,0.2,0.2,2.5
-26.6303,39.8608,0,1,0.2,0.2,2.5
-26.7906,40.3188,0,1,0.2,0.2,2.5
-26.9528,40.7759,0,1,0.2,0.2,2.5
-27.1168,41.2319,0,1,0.2,0.2,2.5
-27.2827,41.6869,0,1,0.2,0.2,2.5
-27.4503,42.1409,0,1,0.2,0.2,2.5
-27.6198,42.5938,0,1,0.2,0.2,2.5
-27.7911,43.0456,0,1,0.2,0.2,2.5
-27.9642,43.4964,0,1,0.2,0.2,2.5
-28.1391,43.9461,0,1,0.2,0.2,2.5
-28.3157,44.3947,0,1,0.2,0.2,2.5
-28.4942,44.8421,0,1,0.2,0.2,2.5
-28.6745,45.2885,0,1,0.2,0.2,2.5
-28.8565,45.7337,0,1,0.2,0.2,2.5
-29.0403,46.1778,0,1,0.2,0.2,2.5
-29.2259,46.6207,0,1,0.2,0.2,2.5
-29.4133,47.0624,0,1,0.2,0.2,2.5
-29.6024,47.503,0,1,0.2,0.2,2.5
-29.7933,47.9424,0,1,0.2,0.2,2.5
-29.986,48.3806,0,1,0.2,0.2,2.5
-30.1804,48.8176,0,1,0.2,0.2,2.5
-30.3765,49.2533,0,1,0.2,0.2,2.5
-30.5744,49.6879,0,1,0.2,0.2,2.5
-30.774,50.1211,0,1,0.2,0.2,2.5
-30.9754,50.5532,0,1,0.2,0.2,2.5
-31.1784,50.984,0,1,0.2,0.2,2.5
-31.3832,51.4134,0,1,0.2,0.2,2.5
-31.5897,51.8417,0,1,0.2,0.2,2.5
-31.798,52.2686,0,1,0.2,0.2,2.5
-32.0079,52.6942,0,1,0.2,0.2,2.5
-32.2195,53.1185,0,1,0.2,0.2,2.5
-32.4328,53.5414,0,1,0.2,0.2,2.5
-32.6478,53.9631,0,1,0.2,0.2,2.5
-32.8645,54.3833,0,1,0.2,0.2,2.5
-33.0829,54.8022,0,1,0.2,0.2,2.5
-33.3029,55.2198,0,1,0.2,0.2,2.5
-33.5247,55.636,0,1,0.2,0.2,2.5
-33.748,56.0507,0,1,0.2,0.2,2.5
-33.9731,56.4641,0,1,0.2,0.2,2.5
-34.1997,56.8761,0,1,0.2,0.2,2.5
-34.4281,57.2866,0,1,0.2,0.2,2.5
-34.658,57.6957,0,1,0.2,0.2,2.5
-34.8896,58.1034,0,1,0.2,0.2,2.5
-35.1229,58.5096,0,1,0.2,0.2,2.5
-35.3577,58.9143,0,1,0.2,0.2,2.5
-35.5942,59.3176,0,1,0.2,0.2,2.5
-35.8323,59.7194,0,1,0.2,0.2,2.5
-36.0719,60.1197,0,1,0.2,0.2,2.5
-36.3132,60.5185,0,1,0.2,0.2,2.5
-36.5561,60.9158,0,1,0.2,0.2,2.5
-36.8005,61.3115,0,1,0.2,0.2,2.5
-37.0466,61.7058,0,1,0.2,0.2,2.5
-37.2942,62.0984,0,1,0.2,0.2,2.5
-37.5434,62.4896,0,1,0.2,0.2,2.5
-37.7941,62.8792,0,1,0.2,0.2,2.5
-38.0464,63.2672,0,1,0.2,0.2,2.5
-38.3002,63.6536,0,1,0.2,0.2,2.5
-38.5556,64.0384,0,1,0.2,0.2,2.5
-38.8125,64.4216,0,1,0.2,0.2,2.5
-39.071,64.8032,0,1,0.2,0.2,2.5
-39.3309,65.1832,0,1,0.2,0.2,2.5
-39.5924,65.5616,0,1,0.2,0.2,2.5
-39.8554,65.9383,0,1,0.2,0.2,2.5
-40.1199,66.3134,0,1,0.2,0.2,2.5
-40.3859,66.6868,0,1,0.2,0.2,2.5
-40.6534,67.0586,0,1,0.2,0.2,2.5
-40.9224,67.4286,0,1,0.2,0.2,2.5
-41.1929,67.797,0,1,0.2,0.2,2.5
-41.4648,68.1637,0,1,0.2,0.2,2.5
-41.7382,68.5287,0,1,0.2,0.2,2.5
-42.013,68.892,0,1,0.2,0.2,2.5
-42.2893,69.2536,0,1,0.2,0.2,2.5
-42.567,69.6134,0,1,0.2,0.2,2.5
-42.8462,69.9715,0,1,0.2,0.2,2.5
-43.1268,70.3278,0,1,0.2,0.2,2.5
-43.4088,70.6824,0,1,0.2,0.2,2.5
-43.6923,71.0352,0,1,0.2,0.2,2.5
-43.9771,71.3862,0,1,0.2,0.2,2.5
-44.2633,71.7355,0,1,0.2,0.2,2.5
-44.551,72.0829,0,1,0.2,0.2,2.5
-44.84,72.4286,0,1,0.2,0.2,2.5
-45.1304,72.7724,0,1,0.2,0.2,2.5
-45.4222,73.1144,0,1,0.2,0.2,2.5
-45.7153,73.4546,0,1,0.2,0.2,2.5
-46.0098,73.793,0,1,0.2,0.2,2.5
-46.3057,74.1295,0,1,0.2,0.2,2.5
-46.6029,74.4642,0,1,0.2,0.2,2.5
-46.9014,74.797,0,1,0.2,0.2,2.5
-47.2012,75.1279,0,1,0.2,0.2,2.5
-47.5024,75.457,0,1,0.2,0.2,2.5
-47.8049,75.7841,0,1,0.2,0.2,2.5
-48.1087,76.1094,0,1,0.2,0.2,2.5
-48.4137,76.4328,0,1,0.2,0.2,2.5
-48.7201,76.7542,0,1,0.2,0.2,2.5
-49.0278,77.0738,0,1,0.2,0.2,2.5
-49.3367,77.3914,0,1,0.2,0.2,2.5
-49.6469,77.707,0,1,0.2,0.2,2.5
-49.9584,78.0208,0,1,0.2,0.2,2.5
-50.2711,78.3326,0,1,0.2,0.2,2.5
-50.585,78.6424,0,1,0.2,0.2,2.5
-50.9002,78.9502,0,1,0.2,0.2,2.5
-51.2166,79.2561,0,1,0.2,0.2,2.5
-51.5343,79.56,0,1,0.2,0.2,2.5
-51.8531,79.862,0,1,0.2,0.2,2.5
-52.1731,80.1619,0,1,0.2,0.2,2.5
-52.4944,80.4598,0,1,0.2,0.2,2.5
-52.8168,80.7557,0,1,0.2,0.2,2.5
-53.1404,81.0496,0,1,0.2,0.2,2.5
-53.4652,81.3414,0,1,0.2,0.2,2.5
-53.7912,81.6312,0,1,0.2,0.2,2.5
-54.1183,81.919,0,1,0.2,0.2,2.5
-54.4465,82.2048,0,1,0.2,0.2,2.5
-54.7759,82.4884,0,1,0.2,0.2,2.5
-55.1064,82.7701,0,1,0.2,0.2,2.5
-55.438,83.0496,0,1,0.2,0.2,2.5
-55.7708,83.3271,0,1,0.2,0.2,2.5
-56.1047,83.6025,0,1,0.2,0.2,2.5
-56.4396,83.8758,0,1,0.2,0.2,2.5
-56.7757,84.147,0,1,0.2,0.2,2.5
-57.1128,84.4161,0,1,0.2,0.2,2.5
-57.451,84.6831,0,1,0.2,0.2,2.5
-57.7903,84.9479,0,1,0.2,0.2,2.5
-58.1306,85.2107,0,1,0.2,0.2,2.5
-58.4719,85.4713,0,1,0.2,0.2,2.5
-58.8143,85.7298,0,1,0.2,0.2,2.5
-59.1578,85.9861,0,1,0.2,0.2,2.5
-59.5022,86.2403,0,1,0.2,0.2,2.5
-59.8477,86.4923,0,1,0.2,0.2,2.5
-60.1942,86.7422,0,1,0.2,0.2,2.5
-60.5416,86.9899,0,1,0.2,0.2,2.5
-60.8901,87.2354,0,1,0.2,0.2,2.5
-61.2395,87.4788,0,1,0.2,0.2,2.5
-61.5899,87.7199,0,1,0.2,0.2,2.5
-61.9413,87.9589,0,1,0.2,0.2,2.5
-62.2936,88.1957,0,1,0.2,0.2,2.5
-62.6468,88.4302,0,1,0.2,0.2,2.5
-63.001,88.6626,0,1,0.2,0.2,2.5
-63.3561,88.8927,0,1,0.2,0.2,2.5
-63.7122,89.1206,0,1,0.2,0.2,2.5
-64.0691,89.3463,0,1,0.2,0.2,2.5
-64.4269,89.5698,0,1,0.2,0.2,2.5
-64.7856,89.791,0,1,0.2,0.2,2.5
-65.1452,90.0099,0,1,0.2,0.2,2.5
-65.5057,90.2267,0,1,0.2,0.2,2.5
-65.8671,90.4411,0,1,0.2,0.2,2.5
-66.2292,90.6533,0,1,0.2,0.2,2.5
-66.5923,90.8633,0,1,0.2,0.2,2.5
-66.9561,91.0709,0,1,0.2,0.2,2.5
-67.3208,91.2763,0,1,0.2,0.2,2.5
-67.6864,91.4794,0,1,0.2,0.2,2.5
-68.0527,91.6802,0,1,0.2,0.2,2.5
-68.4198,91.8787,0,1,0.2,0.2,2.5
-68.7877,92.075,0,1,0.2,0.2,2.5
-69.1564,92.2689,0,1,0.2,0.2,2.5
-69.5258,92.4605,0,1,0.2,0.2,2.5
-69.8961,92.6498,0,1,0.2,0.2,2.5
-70.267,92.8368,0,1,0.2,0.2,2.5
-70.6388,93.0215,0,1,0.2,0.2,2.5
-71.0112,93.2038,0,1,0.2,0.2,2.5
-71.3844,93.3838,0,1,0.2,0.2,2.5
-71.7583,93.5615,0,1,0.2,0.2,2.5
-72.1329,93.7369,0,1,0.2,0.2,2.5
-72.5082,93.9099,0,1,0.2,0.2,2.5
-72.8841,94.0805,0,1,0.2,0.2,2.5
-73.2608,94.2488,0,1,0.2,0.2,2.5
-73.6381,94.4147,0,1,0.2,0.2,2.5
-74.0161,94.5783,0,1,0.2,0.2,2.5
-74.3948,94.7395,0,1,0.2,0.2,2.5
-74.774,94.8984,0,1,0.2,0.2,2.5
-75.1539,95.0549,0,1,0.2,0.2,2.5
-75.5345,95.209,0,1,0.2,0.2,2.5
-75.9156,95.3607,0,1,0.2,0.2,2.5
-76.2973,95.51,0,1,0.2,0.2,2.5
-76.6797,95.657,0,1,0.2,0.2,2.5
-77.0626,95.8015,0,1,0.2,0.2,2.5
-77.4461,95.9437,0,1,0.2,0.2,2.5
-77.8301,96.0834,0,1,0.2,0.2,2.5
-78.2148,96.2208,0,1,0.2,0.2,2.5
-78.5999,96.3558,0,1,0.2,0.2,2.5
-78.9856,96.4883,0,1,0.2,0.2,2.5
-79.3718,96.6184,0,1,0.2,0.2,2.5
-79.7585,96.7462,0,1,0.2,0.2,2.5
-80.1458,96.8714,0,1,0.2,0.2,2.5
-80.5335,96.9943,0,1,0.2,0.2,2.5
-80.9217,97.1148,0,1,0.2,0.2,2.5
-81.3104,97.2328,0,1,0.2,0.2,2.5
-81.6996,97.3484,0,1,0.2,0.2,2.5
-82.0892,97.4616,0,1,0.2,0.2,2.5
-82.4793,97.5723,0,1,0.2,0.2,2.5
-82.8698,97.6806,0,1,0.2,0.2,2.5
-83.2607,97.7864,0,1,0.2,0.2,2.5
-83.6521,97.8898,0,1,0.2,0.2,2.5
-84.0438,97.9908,0,1,0.2,0.2,2.5
-84.436,98.0893,0,1,0.2,0.2,2.5
-84.8285,98.1853,0,1,0.2,0.2,2.5
-85.2215,98.2789,0,1,0.2,0.2,2.5
-85.6148,98.37,0,1,0.2,0.2,2.5
-86.0084,98.4587,0,1,0.2,0.2,2.5
-86.4024,98.5449,0,1,0.2,0.2,2.5
-86.7968,98.6287,0,1,0.2,0.2,2.5
-87.1915,98.71,0,1,0.2,0.2,2.5
-87.5865,98.7888,0,1,0.2,0.2,2.5
-87.9818,98.8651,0,1,0.2,0.2,2.5
-88.3774,98.939,0,1,0.2,0.2,2.5
-88.7733,99.0104,0,1,0.2,0.2,2.5
-89.1694,99.0793,0,1,0.2,0.2,2.5
-89.5659,99.1458,0,1,0.2,0.2,2.5
-89.9626,99.2098,0,1,0.2,0.2,2.5
-90.3596,99.2713,0,1,0.2,0.2,2.5
-90.7568,99.3303,0,1,0.2,0.2,2.5
-91.1542,99.3868,0,1,0.2,0.2,2.5
-91.5519,99.4408,0,1,0.2,0.2,2.5
-91.9497,99.4924,0,1,0.2,0.2,2.5
-92.3478,99.5415,0,1,0.2,0.2,2.5
-92.7461,99.5881,0,1,0.2,0.2,2.5
-93.1445,99.6321,0,1,0.2,0.2,2.5
-93.5431,99.6738,0,1,0.2,0.2,2.5
-93.9419,99.7129,0,1,0.2,0.2,2.5
-94.3408,99.7495,0,1,0.2,0.2,2.5
-94.7399,99.7836,0,1,0.2,0.2,2.5
-95.1391,99.8152,0,1,0.2,0.2,2.5
-95.5384,99.8444,0,1,0.2,0.2,2.5
-95.9378,99.871,0,1,0.2,0.2,2.5
-96.3374,99.8951,0,1,0.2,0.2,2.5
-96.737,99.9168,0,1,0.2,0.2,2.5
-97.1367,99.9359,0,1,0.2,0.2,2.5
-97.5365,99.9526,0,1,0.2,0.2,2.5
-97.9363,99.9667,0,1,0.2,0.2,2.5
-98.3362,99.9784,0,1,0.2,0.2,2.5
-98.7361,99.9875,0,1,0.2,0.2,2.5
-99.1361,99.9942,0,1,0.2,0.2,2.5
-99.5361,99.9983,0,1,0.2,0.2,2.5
-99.9361,100,0,1,0.2,0.2,2.5
139.491,66.5742,0,0.2,0.5,1,2.5
139.383,66.7713,0,0.2,0.5,1,2.5
139.273,66.968,0,0.2,0.5,1,2.5
139.163,67.1641,0,0.2,0.5,1,2.5
139.052,67.3596,0,0.2,0.5,1,2.5
138.94,67.5546,0,0.2,0.5,1,2.5
138.826,67.749,0,0.2,0.5,1,2.5
138.712,67.9428,0,0.2,0.5,1,2.5
138.597,68.1361,0,0.2,0.5,1,2.5
138.481,68.3288,0,0.2,0.5,1,2.5
138.364,68.5209,0,0.2,0.5,1,2.5
138.246,68.7124,0,0.2,0.5,1,2.5
138.126,68.9034,0,0.2,0.5,1,2.5
138.006,69.0937,0,0.2,0.5,1,2.5
137.886,69.2834,0,0.2,0.5,1,2.5
137.764,69.4726,0,0.2,0.5,1,2.5
137.641,69.6611,0,0.2,0.5,1,2.5
137.517,69.849,0,0.2,0.5,1,2.5
137.392,70.0362,0,0.2,0.5,1,2.5
137.267,70.2229,0,0.2,0.5,1,2.5
137.14,70.4089,0,0.2,0.5,1,2.5
137.013,70.5943,0,0.2,0.5,1,2.5
136.884,70.779,0,0.2,0.5,1,2.5
136.755,70.9631,0,0.2,0.5,1,2.5
136.625,71.1466,0,0.2,0.5,1,2.5
136.493,71.3294,0,0.2,0.5,1,2.5
136.361,71.5115,0,0.2,0.5,1,2.5
136.228,71.693,0,0.2,0.5,1,2.5
136.094,71.8738,0,0.2,0.5,1,2.5
135.96,72.0539,0,0.2,0.5,1,2.5
135.824,72.2334,0,0.2,0.5,1,2.5
135.687,72.4122,0,0.2,0.5,1,2.5
135.55,72.5903,0,0.2,0.5,1,2.5
135.411,72.7677,0,0.2,0.5,1,2.5
135.272,72.9444,0,0.2,0.5,1,2.5
135.132,73.1204,0,0.2,0.5,1,2.5
134.991,73.2957,0,0.2,0.5,1,2.5
134.849,73.4703,0,0.2,0.5,1,2.5
134.706,73.6442,0,0.2,0.5,1,2.5
134.562,73.8173,0,0.2,0.5,1,2.5
134.418,73.9898,0,0.2,0.5,1,2.5
134.273,74.1615,0,0.2,0.5,1,2.5
134.126,74.3325,0,0.2,0.5,1,2.5
133.979,74.5028,0,0.2,0.5,1,2.5
133.831,74.6723,0,0.2,0.5,1,2.5
133.682,74.8411,0,0.2,0.5,1,2.5
133.533,75.0091,0,0.2,0.5,1,2.5
133.382,75.1764,0,0.2,0.5,1,2.5
133.231,75.3429,0,0.2,0.5,1,2.5
133.079,75.5087,0,0.2,0.5,1,2.5
132.926,75.6737,0,0.2,0.5,1,2.5
132.772,75.838,0,0.2,0.5,1,2.5
132.618,76.0015,0,0.2,0.5,1,2.5
132.462,76.1642,0,0.2,0.5,1,2.5
132.306,76.3261,0,0.2,0.5,1,2.5
132.149,76.4872,0,0.2,0.5,1,2.5
131.991,76.6476,0,0.2,0.5,1,2.5
131.832,76.8071,0,0.2,0.5,1,2.5
131.673,76.9659,0,0.2,0.5,1,2.5
131.513,77.1239,0,0.2,0.5,1,2.5
131.352,77.281,0,0.2,0.5,1,2.5
131.19,77.4374,0,0.2,0.5,1,2.5
131.027,77.5929,0,0.2,0.5,1,2.5
130.864,77.7476,0,0.2,0.5,1,2.5
130.7,77.9016,0,0.2,0.5,1,2.5
130.535,78.0546,0,0.2,0.5,1,2.5
130.369,78.2069,0,0.2,0.5,1,2.5
130.203,78.3583,0,0.2,0.5,1,2.5
130.036,78.5089,0,0.2,0.5,1,2.5
129.868,78.6587,0,0.2,0.5,1,2.5
129.699,78.8076,0,0.2,0.5,1,2.5
129.53,78.9557,0,0.2,0.5,1,2.5
129.36,79.1029,0,0.2,0.5,1,2.5
129.189,79.2493,0,0.2,0.5,1,2.5
129.017,79.3948,0,0.2,0.5,1,2.5
128.845,79.5394,0,0.2,0.5,1,2.5
128.672,79.6832,0,0.2,0.5,1,2.5
128.498,79.8262,0,0.2,0.5,1,2.5
128.324,79.9682,0,0.2,0.5,1,2.5
128.148,80.1094,0,0.2,0.5,1,2.5
127.972,80.2497,0,0.2,0.5,1,2.5
127.796,80.3891,0,0.2,0.5,1,2.5
127.619,80.5277,0,0.2,0.5,1,2.5
127.441,80.6653,0,0.2,0.5,1,2.5
127.262,80.8021,0,0.2,0.5,1,2.5
127.083,80.9379,0,0.2,0.5,1,2.5
126.903,81.0729,0,0.2,0.5,1,2.5
126.722,81.2069,0,0.2,0.5,1,2.5
126.54,81.3401,0,0.2,0.5,1,2.5
126.358,81.4724,0,0.2,0.5,1,2.5
126.176,81.6037,0,0.2,0.5,1,2.5
125.992,81.7341,0,0.2,0.5,1,2.5
125.808,81.8636,0,0.2,0.5,1,2.5
125.624,81.9922,0,0.2,0.5,1,2.5
125.438,82.1198,0,0.2,0.5,1,2.5
125.253,82.2466,0,0.2,0.5,1,2.5
125.066,82.3724,0,0.2,0.5,1,2.5
124.879,82.4972,0,0.2,0.5,1,2.5
124.691,82.6212,0,0.2,0.5,1,2.5
124.503,82.7441,0,0.2,0.5,1,2.5
124.314,82.8662,0,0.2,0.5,1,2.5
124.124,82.9873,0,0.2,0.5,1,2.5
123.934,83.1074,0,0.2,0.5,1,2.5
123.743,83.2266,0,0.2,0.5,1,2.5
123.551,83.3448,0,0.2,0.5,1,2.5
123.359,83.4621,0,0.2,0.5,1,2.5
123.167,83.5784,0,0.2,0.5,1,2.5
122.974,83.6938,0,0.2,0.5,1,2.5
122.78,83.8082,0,0.2,0.5,1,2.5
122.586,83.9216,0,0.2,0.5,1,2.5
122.391,84.034,0,0.2,0.5,1,2.5
122.195,84.1455,0,0.2,0.5,1,2.5
121.999,84.256,0,0.2,0.5,1,2.5
121.803,84.3655,0,0.2,0.5,1,2.5
121.606,84.474,0,0.2,0.5,1,2.5
121.408,84.5815,0,0.2,0.5,1,2.5
121.21,84.6881,0,0.2,0.5,1,2.5
121.011,84.7936,0,0.2,0.5,1,2.5
120.812,84.8982,0,0.2,0.5,1,2.5
120.612,85.0018,0,0.2,0.5,1,2.5
120.412,85.1043,0,0.2,0.5,1,2.5
120.211,85.2059,0,0.2,0.5,1,2.5
120.01,85.3064,0,0.2,0.5,1,2.5
119.808,85.406,0,0.2,0.5,1,2.5
119.606,85.5045,0,0.2,0.5,1,2.5
119.403,85.602,0,0.2,0.5,1,2.5
119.2,85.6985,0,0.2,0.5,1,2.5
118.996,85.794,0,0.2,0.5,1,2.5
118.792,85.8885,0,0.2,0.5,1,2.5
118.587,85.9819,0,0.2,0.5,1,2.5
118.382,86.0744,0,0.2,0.5,1,2.5
118.176,86.1658,0,0.2,0.5,1,2.5
117.97,86.2561,0,0.2,0.5,1,2.5
117.764,86.3455,0,0.2,0.5,1,2.5
117.557,86.4338,0,0.2,0.5,1,2.5
117.349,86.521,0,0.2,0.5,1,2.5
117.142,86.6073,0,0.2,0.5,1,2.5
116.933,86.6924,0,0.2,0.5,1,2.5
116.725,86.7766,0,0.2,0.5,1,2.5
116.516,86.8597,0,0.2,0.5,1,2.5
116.306,86.9417,0,0.2,0.5,1,2.5
116.096,87.0228,0,0.2,0.5,1,2.5
115.886,87.1027,0,0.2,0.5,1,2.5
115.675,87.1816,0,0.2,0.5,1,2.5
115.464,87.2595,0,0.2,0.5,1,2.5
115.253,87.3363,0,0.2,0.5,1,2.5
115.041,87.412,0,0.2,0.5,1,2.5
114.828,87.4867,0,0.2,0.5,1,2.5
114.616,87.5603,0,0.2,0.5,1,2.5
114.403,87.6328,0,0.2,0.5,1,2.5
114.19,87.7043,0,0.2,0.5,1,2.5
113.976,87.7747,0,0.2,0.5,1,2.5
113.762,87.8441,0,0.2,0.5,1,2.5
113.547,87.9123,0,0.2,0.5,1,2.5
113.333,87.9795,0,0.2,0.5,1,2.5
113.118,88.0457,0,0.2,0.5,1,2.5
112.902,88.1107,0,0.2,0.5,1,2.5
112.687,88.1747,0,0.2,0.5,1,2.5
112.47,88.2376,0,0.2,0.5,1,2.5
112.254,88.2994,0,0.2,0.5,1,2.5
112.037,88.3601,0,0.2,0.5,1,2.5
111.821,88.4198,0,0.2,0.5,1,2.5
111.603,88.4783,0,0.2,0.5,1,2.5
111.386,88.5358,0,0.2,0.5,1,2.5
111.168,88.5922,0,0.2,0.5,1,2.5
110.95,88.6475,0,0.2,0.5,1,2.5
110.731,88.7017,0,0.2,0.5,1,2.5
110.513,88.7548,0,0.2,0.5,1,2.5
110.294,88.8068,0,0.2,0.5,1,2.5
110.075,88.8577,0,0.2,0.5,1,2.5
109.855,88.9075,0,0.2,0.5,1,2.5
109.636,88.9563,0,0.2,0.5,1,2.5
109.416,89.0039,0,0.2,0.5,1,2.5
109.196,89.0504,0,0.2,0.5,1,2.5
108.975,89.0959,0,0.2,0.5,1,2.5
108.755,89.1402,0,0.2,0.5,1,2.5
108.534,89.1834,0,0.2,0.5,1,2.5
108.313,89.2255,0,0.2,0.5,1,2.5
108.092,89.2665,0,0.2,0.5,1,2.5
107.87,89.3064,0,0.2,0.5,1,2.5
107.649,89.3452,0,0.2,0.5,1,2.5
107.427,89.3829,0,0.2,0.5,1,2.5
107.205,89.4195,0,0.2,0.5,1,2.5
106.983,89.455,0,0.2,0.5,1,2.5
106.76,89.4893,0,0.2,0.5,1,2.5
106.538,89.5226,0,0.2,0.5,1,2.5
106.315,89.5547,0,0.2,0.5,1,2.5
106.092,89.5857,0,0.2,0.5,1,2.5
105.869,89.6156,0,0.2,0.5,1,2.5
105.646,89.6444,0,0.2,0.5,1,2.5
105.423,89.6721,0,0.2,0.5,1,2.5
105.199,89.6986,0,0.2,0.5,1,2.5
104.976,89.7241,0,0.2,0.5,1,2.5
104.752,89.7484,0,0.2,0.5,1,2.5
104.528,89.7716,0,0.2,0.5,1,2.5
104.304,89.7937,0,0.2,0.5,1,2.5
104.08,89.8146,0,0.2,0.5,1,2.5
103.856,89.8345,0,0.2,0.5,1,2.5
103.632,89.8532,0,0.2,0.5,1,2.5
103.408,89.8708,0,0.2,0.5,1,2.5
103.183,89.8873,0,0.2,0.5,1,2.5
102.959,89.9026,0,0.2,0.5,1,2.5
102.734,89.9169,0,0.2,0.5,1,2.5
102.51,89.93,0,0.2,0.5,1,2.5
102.285,89.942,0,0.2,0.5,1,2.5
102.06,89.9528,0,0.2,0.5,1,2.5
101.835,89.9626,0,0.2,0.5,1,2.5
101.611,89.9712,0,0.2,0.5,1,2.5
101.386,89.9787,0,0.2,0.5,1,2.5
101.161,89.985,0,0.2,0.5,1,2.5
100.936,89.9903,0,0.2,0.5,1,2.5
100.711,89.9944,0,0.2,0.5,1,2.5
100.486,89.9974,0,0.2,0.5,1,2.5
100.261,89.9992,0,0.2,0.5,1,2.5
100.036,90,0,0.2,0.5,1,2.5
99.8109,89.9996,0,0.2,0.5,1,2.5
99.5859,89.9981,0,0.2,0.5,1,2.5
99.3609,89.9955,0,0.2,0.5,1,2.5
99.1359,89.9917,0,0.2,0.5,1,2.5
98.911,89.9868,0,0.2,0.5,1,2.5
98.6861,89.9808,0,0.2,0.5,1,2.5
98.4612,89.9737,0,0.2,0.5,1,2.5
98.2363,89.9654,0,0.2,0.5,1,2.5
98.0115,89.956,0,0.2,0.5,1,2.5
97.7868,89.9455,0,0.2,0.5,1,2.5
97.5621,89.9339,0,0.2,0.5,1,2.5
97.3374,89.9212,0,0.2,0.5,1,2.5
97.1129,89.9073,0,0.2,0.5,1,2.5
96.8884,89.8923,0,0.2,0.5,1,2.5
96.6639,89.8762,0,0.2,0.5,1,2.5
96.4396,89.8589,0,0.2,0.5,1,2.5
96.2154,89.8406,0,0.2,0.5,1,2.5
95.9912,89.8211,0,0.2,0.5,1,2.5
95.7672,89.8005,0,0.2,0.5,1,2.5
95.5432,89.7788,0,0.2,0.5,1,2.5
95.3194,89.7559,0,0.2,0.5,1,2.5
95.0956,89.7319,0,0.2,0.5,1,2.5
94.872,89.7069,0,0.2,0.5,1,2.5
94.6486,89.6807,0,0.2,0.5,1,2.5
94.4252,89.6534,0,0.2,0.5,1,2.5
94.202,89.6249,0,0.2,0.5,1,2.5
93.979,89.5954,0,0.2,0.5,1,2.5
93.7561,89.5647,0,0.2,0.5,1,2.5
93.5334,89.5329,0,0.2,0.5,1,2.5
93.3108,89.5,0,0.2,0.5,1,2.5
93.0884,89.466,0,0.2,0.5,1,2.5
92.8661,89.4309,0,0.2,0.5,1,2.5
92.6441,89.3947,0,0.2,0.5,1,2.5
92.4222,89.3574,0,0.2,0.5,1,2.5
92.2005,89.3189,0,0.2,0.5,1,2.5
91.979,89.2794,0,0.2,0.5,1,2.5
91.7577,89.2387,0,0.2,0.5,1,2.5
91.5366,89.197,0,0.2,0.5,1,2.5
91.3157,89.1541,0,0.2,0.5,1,2.5
91.0951,89.1101,0,0.2,0.5,1,2.5
90.8746,89.065,0,0.2,0.5,1,2.5
90.6544,89.0189,0,0.2,0.5,1,2.5
90.4344,88.9716,0,0.2,0.5,1,2.5
90.2147,88.9232,0,0.2,0.5,1,2.5
89.9952,88.8737,0,0.2,0.5,1,2.5
89.776,88.8232,0,0.2,0.5,1,2.5
89.557,88.7715,0,0.2,0.5,1,2.5
89.3382,88.7187,0,0.2,0.5,1,2.5
89.1198,88.6649,0,0.2,0.5,1,2.5
88.9016,88.6099,0,0.2,0.5,1,2.5
88.6837,88.5539,0,0.2,0.5,1,2.5
88.4661,88.4968,0,0.2,0.5,1,2.5
88.2487,88.4386,0,0.2,0.5,1,2.5
88.0317,88.3792,0,0.2,0.5,1,2.5
87.8149,88.3189,0,0.2,0.5,1,2.5
87.5985,88.2574,0,0.2,0.5,1,2.5
87.3824,88.1949,0,0.2,0.5,1,2.5
87.1665,88.1312,0,0.2,0.5,1,2.5
86.951,88.0665,0,0.2,0.5,1,2.5
86.7359,88.0007,0,0.2,0.5,1,2.5
86.521,87.9339,0,0.2,0.5,1,2.5
86.3065,87.866,0,0.2,0.5,1,2.5
86.0924,87.7969,0,0.2,0.5,1,2.5
85.8786,87.7269,0,0.2,0.5,1,2.5
85.6651,87.6557,0,0.2,0.5,1,2.5
85.452,87.5835,0,0.2,0.5,1,2.5
85.2393,87.5103,0,0.2,0.5,1,2.5
85.0269,87.4359,0,0.2,0.5,1,2.5
84.8149,87.3605,0,0.2,0.5,1,2.5
84.6033,87.2841,0,0.2,0.5,1,2.5
84.3921,87.2066,0,0.2,0.5,1,2.5
84.1813,87.128,0,0.2,0.5,1,2.5
83.9708,87.0484,0,0.2,0.5,1,2.5
83.7608,86.9677,0,0.2,0.5,1,2.5
83.5511,86.886,0,0.2,0.5,1,2.5
83.3419,86.8032,0,0.2,0.5,1,2.5
83.1331,86.7194,0,0.2,0.5,1,2.5
82.9247,86.6345,0,0.2,0.5,1,2.5
82.7168,86.5486,0,0.2,0.5,1,2.5
82.5092,86.4617,0,0.2,0.5,1,2.5
82.3022,86.3737,0,0.2,0.5,1,2.5
82.0955,86.2847,0,0.2,0.5,1,2.5
81.8893,86.1947,0,0.2,0.5,1,2.5
81.6836,86.1036,0,0.2,0.5,1,2.5
81.4783,86.0115,0,0.2,0.5,1,2.5
81.2735,85.9184,0,0.2,0.5,1,2.5
81.0691,85.8243,0,0.2,0.5,1,2.5
80.8652,85.7291,0,0.2,0.5,1,2.5
80.6618,85.6329,0,0.2,0.5,1,2.5
80.4589,85.5357,0,0.2,0.5,1,2.5
80.2564,85.4375,0,0.2,0.5,1,2.5
80.0545,85.3383,0,0.2,0.5,1,2.5
79.853,85.238,0,0.2,0.5,1,2.5
79.6521,85.1368,0,0.2,0.5,1,2.5
79.4517,85.0346,0,0.2,0.5,1,2.5
79.2517,84.9313,0,0.2,0.5,1,2.5
79.0523,84.8271,0,0.2,0.5,1,2.5
78.8535,84.7218,0,0.2,0.5,1,2.5
78.6551,84.6156,0,0.2,0.5,1,2.5
78.4573,84.5084,0,0.2,0.5,1,2.5
78.26,84.4002,0,0.2,0.5,1,2.5
78.0633,84.291,0,0.2,0.5,1,2.5
77.8671,84.1808,0,0.2,0.5,1,2.5
77.6715,84.0696,0,0.2,0.5,1,2.5
77.4764,83.9575,0,0.2,0.5,1,2.5
77.2819,83.8444,0,0.2,0.5,1,2.5
77.088,83.7303,0,0.2,0.5,1,2.5
76.8946,83.6153,0,0.2,0.5,1,2.5
76.7018,83.4993,0,0.2,0.5,1,2.5
76.5096,83.3823,0,0.2,0.5,1,2.5
76.318,83.2644,0,0.2,0.5,1,2.5
76.1269,83.1455,0,0.2,0.5,1,2.5
75.9365,83.0256,0,0.2,0.5,1,2.5
75.7467,82.9048,0,0.2,0.5,1,2.5
75.5574,82.7831,0,0.2,0.5,1,2.5
75.3688,82.6604,0,0.2,0.5,1,2.5
75.1808,82.5368,0,0.2,0.5,1,2.5
74.9935,82.4122,0,0.2,0.5,1,2.5
74.8067,82.2867,0,0.2,0.5,1,2.5
74.6206,82.1603,0,0.2,0.5,1,2.5
74.4351,82.0329,0,0.2,0.5,1,2.5
74.2502,81.9046,0,0.2,0.5,1,2.5
74.066,81.7754,0,0.2,0.5,1,2.5
73.8825,81.6453,0,0.2,0.5,1,2.5
73.6996,81.5142,0,0.2,0.5,1,2.5
73.5173,81.3823,0,0.2,0.5,1,2.5
73.3358,81.2494,0,0.2,0.5,1,2.5
73.1548,81.1156,0,0.2,0.5,1,2.5
72.9746,80.9809,0,0.2,0.5,1,2.5
72.795,80.8454,0,0.2,0.5,1,2.5
72.6161,80.7089,0,0.2,0.5,1,2.5
72.4379,80.5715,0,0.2,0.5,1,2.5
72.2604,80.4332,0,0.2,0.5,1,2.5
72.0836,80.2941,0,0.2,0.5,1,2.5
71.9075,80.1541,0,0.2,0.5,1,2.5
71.732,80.0132,0,0.2,0.5,1,2.5
71.5573,79.8714,0,0.2,0.5,1,2.5
71.3833,79.7287,0,0.2,0.5,1,2.5
71.21,79.5852,0,0.2,0.5,1,2.5
71.0375,79.4408,0,0.2,0.5,1,2.5
70.8656,79.2956,0,0.2,0.5,1,2.5
70.6945,79.1495,0,0.2,0.5,1,2.5
70.5241,79.0025,0,0.2,0.5,1,2.5
70.3545,78.8547,0,0.2,0.5,1,2.5
70.1856,78.7061,0,0.2,0.5,1,2.5
70.0174,78.5566,0,0.2,0.5,1,2.5
69.85,78.4062,0,0.2,0.5,1,2.5
69.6833,78.2551,0,0.2,0.5,1,2.5
69.5174,78.1031,0,0.2,0.5,1,2.5
69.3523,77.9502,0,0.2,0.5,1,2.5
69.1879,77.7966,0,0.2,0.5,1,2.5
69.0243,77.6421,0,0.2,0.5,1,2.5
68.8615,77.4868,0,0.2,0.5,1,2.5
68.6994,77.3307,0,0.2,0.5,1,2.5
68.5382,77.1738,0,0.2,0.5,1,2.5
68.3777,77.0161,0,0.2,0.5,1,2.5
68.218,76.8576,0,0.2,0.5,1,2.5
68.0591,76.6983,0,0.2,0.5,1,2.5
67.901,76.5382,0,0.2,0.5,1,2.5
67.7437,76.3773,0,0.2,0.5,1,2.5
67.5872,76.2156,0,0.2,0.5,1,2.5
67.4316,76.0531,0,0.2,0.5,1,2.5
67.2767,75.8899,0,0.2,0.5,1,2.5
67.1227,75.7259,0,0.2,0.5,1,2.5
66.9694,75.5611,0,0.2,0.5,1,2.5
66.817,75.3956,0,0.2,0.5,1,2.5
66.6655,75.2293,0,0.2,0.5,1,2.5
66.5148,75.0622,0,0.2,0.5,1,2.5
66.3649,74.8944,0,0.2,0.5,1,2.5
66.2158,74.7259,0,0.2,0.5,1,2.5
66.0676,74.5566,0,0.2,0.5,1,2.5
65.9202,74.3866,0,0.2,0.5,1,2.5
65.7737,74.2158,0,0.2,0.5,1,2.5
65.6281,74.0443,0,0.2,0.5,1,2.5
65.4833,73.8721,0,0.2,0.5,1,2.5
65.3393,73.6991,0,0.2,0.5,1,2.5
65.1963,73.5254,0,0.2,0.5,1,2.5
65.0541,73.3511,0,0.2,0.5,1,2.5
64.9128,73.176,0,0.2,0.5,1,2.5
64.7723,73.0002,0,0.2,0.5,1,2.5
64.6328,72.8237,0,0.2,0.5,1,2.5
64.4941,72.6465,0,0.2,0.5,1,2.5
64.3563,72.4686,0,0.2,0.5,1,2.5
64.2194,72.2901,0,0.2,0.5,1,2.5
64.0834,72.1108,0,0.2,0.5,1,2.5
63.9483,71.9309,0,0.2,0.5,1,2.5
63.8141,71.7503,0,0.2,0.5,1,2.5
63.6808,71.569,0,0.2,0.5,1,2.5
63.5484,71.3871,0,0.2,0.5,1,2.5
63.4169,71.2045,0,0.2,0.5,1,2.5
63.2863,71.0212,0,0.2,0.5,1,2.5
63.1567,70.8374,0,0.2,0.5,1,2.5
63.0279,70.6528,0,0.2,0.5,1,2.5
62.9001,70.4676,0,0.2,0.5,1,2.5
62.7733,70.2818,0,0.2,0.5,1,2.5
62.6473,70.0954,0,0.2,0.5,1,2.5
62.5223,69.9083,0,0.2,0.5,1,2.5
62.3982,69.7206,0,0.2,0.5,1,2.5
62.2751,69.5322,0,0.2,0.5,1,2.5
62.1529,69.3433,0,0.2,0.5,1,2.5
62.0317,69.1538,0,0.2,0.5,1,2.5
61.9114,68.9636,0,0.2,0.5,1,2.5
61.792,68.7729,0,0.2,0.5,1,2.5
61.6736,68.5815,0,0.2,0.5,1,2.5
61.5562,68.3896,0,0.2,0.5,1,2.5
61.4397,68.1971,0,0.2,0.5,1,2.5
61.3242,68.004,0,0.2,0.5,1,2.5
61.2097,67.8103,0,0.2,0.5,1,2.5
61.0961,67.6161,0,0.2,0.5,1,2.5
60.9835,67.4213,0,0.2,0.5,1,2.5
60.8719,67.2259,0,0.2,0.5,1,2.5
60.7612,67.03,0,0.2,0.5,1,2.5
60.6516,66.8335,0,0.2,0.5,1,2.5
60.5429,66.6365,0,0.2,0.5,1,2.5
60.4352,66.4389,0,0.2,0.5,1,2.5
60.3285,66.2408,0,0.2,0.5,1,2.5
60.2228,66.0422,0,0.2,0.5,1,2.5
60.1181,65.8431,0,0.2,0.5,1,2.5
60.0144,65.6434,0,0.2,0.5,1,2.5
59.9117,65.4432,0,0.2,0.5,1,2.5
59.8099,65.2425,0,0.2,0.5,1,2.5
59.7092,65.0413,0,0.2,0.5,1,2.5
59.6095,64.8396,0,0.2,0.5,1,2.5
59.5108,64.6374,0,0.2,0.5,1,2.5
59.4131,64.4347,0,0.2,0.5,1,2.5
59.3165,64.2315,0,0.2,0.5,1,2.5
59.2208,64.0278,0,0.2,0.5,1,2.5
59.1262,63.8237,0,0.2,0.5,1,2.5
59.0326,63.6191,0,0.2,0.5,1,2.5
58.94,63.414,0,0.2,0.5,1,2.5
58.8484,63.2085,0,0.2,0.5,1,2.5
58.7579,63.0025,0,0.2,0.5,1,2.5
58.6684,62.7961,0,0.2,0.5,1,2.5
58.5799,62.5892,0,0.2,0.5,1,2.5
58.4925,62.3819,0,0.2,0.5,1,2.5
58.4061,62.1741,0,0.2,0.5,1,2.5
58.3208,61.9659,0,0.2,0.5,1,2.5
58.2365,61.7573,0,0.2,0.5,1,2.5
58.1532,61.5483,0,0.2,0.5,1,2.5
58.071,61.3388,0,0.2,0.5,1,2.5
57.9898,61.129,0,0.2,0.5,1,2.5
57.9097,60.9187,0,0.2,0.5,1,2.5
57.8306,60.708,0,0.2,0.5,1,2.5
57.7526,60.497,0,0.2,0.5,1,2.5
57.6756,60.2856,0,0.2,0.5,1,2.5
57.5997,60.0737,0,0.2,0.5,1,2.5
57.5249,59.8616,0,0.2,0.5,1,2.5
57.4511,59.649,0,0.2,0.5,1,2.5
57.3784,59.4361,0,0.2,0.5,1,2.5
57.3068,59.2228,0,0.2,0.5,1,2.5
57.2362,59.0091,0,0.2,0.5,1,2.5
57.1667,58.7951,0,0.2,0.5,1,2.5
57.0982,58.5808,0,0.2,0.5,1,2.5
57.0309,58.3661,0,0.2,0.5,1,2.5
56.9646,58.1511,0,0.2,0.5,1,2.5
56.8993,57.9357,0,0.2,0.5,1,2.5
56.8352,57.7201,0,0.2,0.5,1,2.5
56.7721,57.5041,0,0.2,0.5,1,2.5
56.7102,57.2878,0,0.2,0.5,1,2.5
56.6493,57.0712,0,0.2,0.5,1,2.5
56.5894,56.8543,0,0.2,0.5,1,2.5
56.5307,56.6371,0,0.2,0.5,1,2.5
56.4731,56.4196,0,0.2,0.5,1,2.5
56.4165,56.2018,0,0.2,0.5,1,2.5
56.361,55.9837,0,0.2,0.5,1,2.5
56.3067,55.7654,0,0.2,0.5,1,2.5
56.2534,55.5468,0,0.2,0.5,1,2.5
56.2012,55.3279,0,0.2,0.5,1,2.5
56.1501,55.1088,0,0.2,0.5,1,2.5
56.1001,54.8894,0,0.2,0.5,1,2.5
56.0512,54.6698,0,0.2,0.5,1,2.5
56.0034,54.4499,0,0.2,0.5,1,2.5
55.9567,54.2298,0,0.2,0.5,1,2.5
55.9111,54.0095,0,0.2,0.5,1,2.5
55.8666,53.7889,0,0.2,0.5,1,2.5
55.8232,53.5681,0,0.2,0.5,1,2.5
55.7809,53.3471,0,0.2,0.5,1,2.5
55.7398,53.1259,0,0.2,0.5,1,2.5
55.6997,52.9045,0,0.2,0.5,1,2.5
55.6607,52.6829,0,0.2,0.5,1,2.5
55.6228,52.4611,0,0.2,0.5,1,2.5
55.5861,52.2391,0,0.2,0.5,1,2.5
55.5505,52.017,0,0.2,0.5,1,2.5
55.5159,51.7946,0,0.2,0.5,1,2.5
55.4825,51.5721,0,0.2,0.5,1,2.5
55.4502,51.3494,0,0.2,0.5,1,2.5
55.419,51.1266,0,0.2,0.5,1,2.5
55.3889,50.9036,0,0.2,0.5,1,2.5
55.36,50.6805,0,0.2,0.5,1,2.5
55.3321,50.4572,0,0.2,0.5,1,2.5
55.3054,50.2338,0,0.2,0.5,1,2.5
55.2798,50.0103,0,0.2,0.5,1,2.5
55.2553,49.7866,0,0.2,0.5,1,2.5
55.2319,49.5628,0,0.2,0.5,1,2.5
55.2097,49.3389,0,0.2,0.5,1,2.5
55.1885,49.1149,0,0.2,0.5,1,2.5
55.1685,48.8908,0,0.2,0.5,1,2.5
55.1496,48.6666,0,0.2,0.5,1,2.5
55.1319,48.4423,0,0.2,0.5,1,2.5
55.1152,48.2179,0,0.2,0.5,1,2.5
55.0997,47.9934,0,0.2,0.5,1,2.5
55.0853,47.7689,0,0.2,0.5,1,2.5
55.072,47.5443,0,0.2,0.5,1,2.5
55.0598,47.3196,0,0.2,0.5,1,2.5
55.0488,47.0948,0,0.2,0.5,1,2.5
55.0389,46.8701,0,0.2,0.5,1,2.5
55.0301,46.6452,0,0.2,0.5,1,2.5
55.0224,46.4204,0,0.2,0.5,1,2.5
55.0159,46.1954,0,0.2,0.5,1,2.5
55.0105,45.9705,0,0.2,0.5,1,2.5
55.0062,45.7455,0,0.2,0.5,1,2.5
55.003,45.5206,0,0.2,0.5,1,2.5
55.001,45.2956,0,0.2,0.5,1,2.5
55.0001,45.0706,0,0.2,0.5,1,2.5
55.0003,44.8456,0,0.2,0.5,1,2.5
55.0016,44.6206,0,0.2,0.5,1,2.5
55.0041,44.3956,0,0.2,0.5,1,2.5
55.0076,44.1706,0,0.2,0.5,1,2.5
55.0124,43.9456,0,0.2,0.5,1,2.5
55.0182,43.7207,0,0.2,0.5,1,2.5
55.0251,43.4958,0,0.2,0.5,1,2.5
55.0332,43.2709,0,0.2,0.5,1,2.5
55.0424,43.0461,0,0.2,0.5,1,2.5
55.0528,42.8214,0,0.2,0.5,1,2.5
55.0642,42.5966,0,0.2,0.5,1,2.5
55.0768,42.372,0,0.2,0.5,1,2.5
55.0905,42.1474,0,0.2,0.5,1,2.5
55.1053,41.9229,0,0.2,0.5,1,2.5
55.1213,41.6985,0,0.2,0.5,1,2.5
55.1383,41.4741,0,0.2,0.5,1,2.5
55.1565,41.2498,0,0.2,0.5,1,2.5
55.1758,41.0257,0,0.2,0.5,1,2.5
55.1963,40.8016,0,0.2,0.5,1,2.5
55.2178,40.5776,0,0.2,0.5,1,2.5
55.2405,40.3537,0,0.2,0.5,1,2.5
55.2643,40.13,0,0.2,0.5,1,2.5
55.2892,39.9064,0,0.2,0.5,1,2.5
55.3152,39.6829,0,0.2,0.5,1,2.5
55.3424,39.4595,0,0.2,0.5,1,2.5
55.3706,39.2363,0,0.2,0.5,1,2.5
55.4,39.0132,0,0.2,0.5,1,2.5
55.4305,38.7903,0,0.2,0.5,1,2.5
55.4621,38.5675,0,0.2,0.5,1,2.5
55.4948,38.3449,0,0.2,0.5,1,2.5
55.5287,38.1225,0,0.2,0.5,1,2.5
55.5636,37.9002,0,0.2,0.5,1,2.5
55.5997,37.6781,0,0.2,0.5,1,2.5
55.6368,37.4562,0,0.2,0.5,1,2.5
55.6751,37.2344,0,0.2,0.5,1,2.5
55.7145,37.0129,0,0.2,0.5,1,2.5
55.755,36.7916,0,0.2,0.5,1,2.5
55.7966,36.5705,0,0.2,0.5,1,2.5
55.8393,36.3495,0,0.2,0.5,1,2.5
55.8831,36.1288,0,0.2,0.5,1,2.5
55.928,35.9084,0,0.2,0.5,1,2.5
55.974,35.6881,0,0.2,0.5,1,2.5
56.0211,35.4681,0,0.2,0.5,1,2.5
56.0693,35.2483,0,0.2,0.5,1,2.5
56.1186,35.0288,0,0.2,0.5,1,2.5
56.169,34.8095,0,0.2,0.5,1,2.5
56.2205,34.5905,0,0.2,0.5,1,2.5
56.2731,34.3717,0,0.2,0.5,1,2.5
56.3268,34.1532,0,0.2,0.5,1,2.5
56.3816,33.935,0,0.2,0.5,1,2.5
56.4375,33.717,0,0.2,0.5,1,2.5
56.4944,33.4993,0,0.2,0.5,1,2.5
56.5525,33.2819,0,0.2,0.5,1,2.5
56.6116,33.0648,0,0.2,0.5,1,2.5
56.6718,32.848,0,0.2,0.5,1,2.5
56.7331,32.6315,0,0.2,0.5,1,2.5
56.7955,32.4154,0,0.2,0.5,1,2.5
56.859,32.1995,0,0.2,0.5,1,2.5
56.9235,31.9839,0,0.2,0.5,1,2.5
56.9892,31.7687,0,0.2,0.5,1,2.5
57.0558,31.5538,0,0.2,0.5,1,2.5
57.1236,31.3393,0,0.2,0.5,1,2.5
57.1925,31.1251,0,0.2,0.5,1,2.5
57.2624,30.9112,0,0.2,0.5,1,2.5
57.3333,30.6977,0,0.2,0.5,1,2.5
57.4054,30.4845,0,0.2,0.5,1,2.5
57.4785,30.2717,0,0.2,0.5,1,2.5
57.5527,30.0593,0,0.2,0.5,1,2.5
57.6279,29.8472,0,0.2,0.5,1,2.5
57.7042,29.6356,0,0.2,0.5,1,2.5
57.7816,29.4243,0,0.2,0.5,1,2.5
57.86,29.2134,0,0.2,0.5,1,2.5
57.9394,29.0029,0,0.2,0.5,1,2.5
58.0199,28.7928,0,0.2,0.5,1,2.5
58.1015,28.5831,0,0.2,0.5,1,2.5
58.1841,28.3738,0,0.2,0.5,1,2.5
58.2678,28.1649,0,0.2,0.5,1,2.5
58.3525,27.9564,0,0.2,0.5,1,2.5
58.4382,27.7484,0,0.2,0.5,1,2.5
58.525,27.5408,0,0.2,0.5,1,2.5
58.6128,27.3336,0,0.2,0.5,1,2.5
58.7017,27.1269,0,0.2,0.5,1,2.5
58.7915,26.9207,0,0.2,0.5,1,2.5
58.8825,26.7148,0,0.2,0.5,1,2.5
58.9744,26.5095,0,0.2,0.5,1,2.5
59.0674,26.3046,0,0.2,0.5,1,2.5
59.1614,26.1001,0,0.2,0.5,1,2.5
59.2564,25.8962,0,0.2,0.5,1,2.5
59.3524,25.6927,0,0.2,0.5,1,2.5
59.4494,25.4897,0,0.2,0.5,1,2.5
59.5475,25.2872,0,0.2,0.5,1,2.5
59.6466,25.0852,0,0.2,0.5,1,2.5
59.7467,24.8836,0,0.2,0.5,1,2.5
59.8477,24.6826,0,0.2,0.5,1,2.5
59.9498,24.4821,0,0.2,0.5,1,2.5
60.0529,24.2821,0,0.2,0.5,1,2.5
60.157,24.0826,0,0.2,0.5,1,2.5
60.2621,23.8837,0,0.2,0.5,1,2.5
60.3682,23.6852,0,0.2,0.5,1,2.5
60.4753,23.4873,0,0.2,0.5,1,2.5
60.5833,23.29,0,0.2,0.5,1,2.5
60.6924,23.0932,0,0.2,0.5,1,2.5
60.8024,22.8969,0,0.2,0.5,1,2.5
60.9134,22.7012,0,0.2,0.5,1,2.5
61.0254,22.506,0,0.2,0.5,1,2.5
61.1383,22.3114,0,0.2,0.5,1,2.5
61.2523,22.1174,0,0.2,0.5,1,2.5
61.3672,21.924,0,0.2,0.5,1,2.5
61.483,21.7311,0,0.2,0.5,1,2.5
61.5999,21.5388,0,0.2,0.5,1,2.5
61.7176,21.3471,0,0.2,0.5,1,2.5
61.8364,21.1559,0,0.2,0.5,1,2.5
61.9561,20.9654,0,0.2,0.5,1,2.5
62.0767,20.7755,0,0.2,0.5,1,2.5
62.1983,20.5862,0,0.2,0.5,1,2.5
62.3209,20.3975,0,0.2,0.5,1,2.5
62.4444,20.2094,0,0.2,0.5,1,2.5
62.5688,20.0219,0,0.2,0.5,1,2.5
62.6942,19.8351,0,0.2,0.5,1,2.5
62.8204,19.6488,0,0.2,0.5,1,2.5
62.9477,19.4633,0,0.2,0.5,1,2.5
63.0758,19.2783,0,0.2,0.5,1,2.5
63.2049,19.094,0,0.2,0.5,1,2.5
63.3349,18.9104,0,0.2,0.5,1,2.5
63.4658,18.7274,0,0.2,0.5,1,2.5
63.5976,18.545,0,0.2,0.5,1,2.5
63.7304,18.3633,0,0.2,0.5,1,2.5
63.864,18.1823,0,0.2,0.5,1,2.5
63.9985,18.002,0,0.2,0.5,1,2.5
64.134,17.8223,0,0.2,0.5,1,2.5
64.2703,17.6433,0,0.2,0.5,1,2.5
64.4075,17.465,0,0.2,0.5,1,2.5
64.5457,17.2874,0,0.2,0.5,1,2.5
64.6847,17.1104,0,0.2,0.5,1,2.5
64.8246,16.9342,0,0.2,0.5,1,2.5
64.9653,16.7587,0,0.2,0.5,1,2.5
65.107,16.5838,0,0.2,0.5,1,2.5
65.2495,16.4097,0,0.2,0.5,1,2.5
65.3929,16.2363,0,0.2,0.5,1,2.5
65.5372,16.0637,0,0.2,0.5,1,2.5
65.6823,15.8917,0,0.2,0.5,1,2.5
65.8282,15.7205,0,0.2,0.5,1,2.5
65.9751,15.55,0,0.2,0.5,1,2.5
66.1227,15.3802,0,0.2,0.5,1,2.5
66.2713,15.2112,0,0.2,0.5,1,2.5
66.4206,15.0429,0,0.2,0.5,1,2.5
66.5708,14.8754,0,0.2,0.5,1,2.5
66.7219,14.7086,0,0.2,0.5,1,2.5
66.8738,14.5426,0,0.2,0.5,1,2.5
67.0265,14.3774,0,0.2,0.5,1,2.5
67.18,14.2129,0,0.2,0.5,1,2.5
67.3344,14.0491,0,0.2,0.5,1,2.5
67.4895,13.8862,0,0.2,0.5,1,2.5
67.6455,13.724,0,0.2,0.5,1,2.5
67.8023,13.5627,0,0.2,0.5,1,2.5
67.9599,13.4021,0,0.2,0.5,1,2.5
68.1183,13.2422,0,0.2,0.5,1,2.5
68.2775,13.0832,0,0.2,0.5,1,2.5
68.4374,12.925,0,0.2,0.5,1,2.5
68.5982,12.7676,0,0.2,0.5,1,2.5
68.7598,12.611,0,0.2,0.5,1,2.5
68.9221,12.4552,0,0.2,0.5,1,2.5
69.0852,12.3002,0,0.2,0.5,1,2.5
69.2491,12.146,0,0.2,0.5,1,2.5
69.4138,11.9927,0,0.2,0.5,1,2.5
69.5792,11.8402,0,0.2,0.5,1,2.5
69.7454,11.6885,0,0.2,0.5,1,2.5
69.9123,11.5376,0,0.2,0.5,1,2.5
70.08,11.3876,0,0.2,0.5,1,2.5
70.2484,11.2384,0,0.2,0.5,1,2.5
70.4176,11.0901,0,0.2,0.5,1,2.5
70.5875,10.9426,0,0.2,0.5,1,2.5
70.7582,10.7959,0,0.2,0.5,1,2.5
70.9296,10.6502,0,0.2,0.5,1,2.5
71.1017,10.5052,0,0.2,0.5,1,2.5
71.2746,10.3612,0,0.2,0.5,1,2.5
71.4481,10.218,0,0.2,0.5,1,2.5
71.6224,10.0756,0,0.2,0.5,1,2.5
71.7974,9.93419,0,0.2,0.5,1,2.5
71.973,9.79362,0,0.2,0.5,1,2.5
72.1494,9.65392,0,0.2,0.5,1,2.5
72.3265,9.51511,0,0.2,0.5,1,2.5
72.5043,9.37718,0,0.2,0.5,1,2.5
72.6827,9.24014,0,0.2,0.5,1,2.5
72.8619,9.104,0,0.2,0.5,1,2.5
73.0417,8.96876,0,0.2,0.5,1,2.5
73.2222,8.83441,0,0.2,0.5,1,2.5
73.4034,8.70097,0,0.2,0.5,1,2.5
73.5852,8.56844,0,0.2,0.5,1,2.5
73.7677,8.43682,0,0.2,0.5,1,2.5
73.9508,8.30611,0,0.2,0.5,1,2.5
74.1346,8.17632,0,0.2,0.5,1,2.5
74.3191,8.04745,0,0.2,0.5,1,2.5
74.5042,7.91951,0,0.2,0.5,1,2.5
74.6899,7.79249,0,0.2,0.5,1,2.5
74.8763,7.6664,0,0.2,0.5,1,2.5
75.0632,7.54125,0,0.2,0.5,1,2.5
75.2509,7.41703,0,0.2,0.5,1,2.5
75.4391,7.29375,0,0.2,0.5,1,2.5
75.6279,7.17142,0,0.2,0.5,1,2.5
75.8174,7.05003,0,0.2,0.5,1,2.5
76.0074,6.92958,0,0.2,0.5,1,2.5
76.1981,6.8101,0,0.2,0.5,1,2.5
76.3893,6.69156,0,0.2,0.5,1,2.5
76.5812,6.57399,0,0.2,0.5,1,2.5
76.7736,6.45737,0,0.2,0.5,1,2.5
76.9666,6.34172,0,0.2,0.5,1,2.5
77.1602,6.22703,0,0.2,0.5,1,2.5
77.3543,6.11332,0,0.2,0.5,1,2.5
77.5491,6.00057,0,0.2,0.5,1,2.5
77.7443,5.8888,0,0.2,0.5,1,2.5
77.9402,5.77801,0,0.2,0.5,1,2.5
78.1366,5.6682,0,0.2,0.5,1,2.5
78.3335,5.55937,0,0.2,0.5,1,2.5
78.531,5.45153,0,0.2,0.5,1,2.5
78.729,5.34468,0,0.2,0.5,1,2.5
78.9275,5.23882,0,0.2,0.5,1,2.5
79.1266,5.13395,0,0.2,0.5,1,2.5
79.3262,5.03008,0,0.2,0.5,1,2.5
79.5263,4.92721,0,0.2,0.5,1,2.5
79.727,4.82534,0,0.2,0.5,1,2.5
79.9281,4.72448,0,0.2,0.5,1,2.5
80.1297,4.62461,0,0.2,0.5,1,2.5
80.3318,4.52576,0,0.2,0.5,1,2.5
80.5345,4.42793,0,0.2,0.5,1,2.5
80.7376,4.33111,0,0.2,0.5,1,2.5
80.9412,4.2353,0,0.2,0.5,1,2.5
81.1452,4.14051,0,0.2,0.5,1,2.5
81.3498,4.04675,0,0.2,0.5,1,2.5
81.5548,3.95401,0,0.2,0.5,1,2.5
81.7602,3.8623,0,0.2,0.5,1,2.5
81.9661,3.77161,0,0.2,0.5,1,2.5
82.1725,3.68195,0,0.2,0.5,1,2.5
82.3793,3.59333,0,0.2,0.5,1,2.5
82.5866,3.50574,0,0.2,0.5,1,2.5
82.7943,3.41919,0,0.2,0.5,1,2.5
83.0024,3.33368,0,0.2,0.5,1,2.5
83.211,3.24921,0,0.2,0.5,1,2.5
83.4199,3.16579,0,0.2,0.5,1,2.5
83.6293,3.08341,0,0.2,0.5,1,2.5
83.8391,3.00208,0,0.2,0.5,1,2.5
84.0493,2.9218,0,0.2,0.5,1,2.5
84.2599,2.84257,0,0.2,0.5,1,2.5
84.4709,2.76439,0,0.2,0.5,1,2.5
84.6823,2.68727,0,0.2,0.5,1,2.5
84.894,2.61121,0,0.2,0.5,1,2.5
85.1061,2.53621,0,0.2,0.5,1,2.5
85.3187,2.46227,0,0.2,0.5,1,2.5
85.5315,2.3894,0,0.2,0.5,1,2.5
85.7448,2.31758,0,0.2,0.5,1,2.5
85.9584,2.24684,0,0.2,0.5,1,2.5
86.1723,2.17717,0,0.2,0.5,1,2.5
86.3866,2.10856,0,0.2,0.5,1,2.5
86.6012,2.04103,0,0.2,0.5,1,2.5
86.8162,1.97457,0,0.2,0.5,1,2.5
87.0315,1.90919,0,0.2,0.5,1,2.5
87.2471,1.84489,0,0.2,0.5,1,2.5
87.4631,1.78166,0,0.2,0.5,1,2.5
87.6793,1.71951,0,0.2,0.5,1,2.5
87.8959,1.65845,0,0.2,0.5,1,2.5
88.1127,1.59847,0,0.2,0.5,1,2.5
88.3299,1.53957,0,0.2,0.5,1,2.5
88.5473,1.48177,0,0.2,0.5,1,2.5
88.7651,1.42505,0,0.2,0.5,1,2.5
88.9831,1.36942,0,0.2,0.5,1,2.5
89.2014,1.31488,0,0.2,0.5,1,2.5
89.42,1.26143,0,0.2,0.5,1,2.5
89.6388,1.20907,0,0.2,0.5,1,2.5
89.8579,1.15781,0,0.2,0.5,1,2.5
90.0772,1.10765,0,0.2,0.5,1,2.5
90.2968,1.05858,0,0.2,0.5,1,2.5
90.5166,1.01062,0,0.2,0.5,1,2.5
90.7367,0.963749,0,0.2,0.5,1,2.5
90.957,0.91798,0,0.2,0.5,1,2.5
91.1775,0.873318,0,0.2,0.5,1,2.5
91.3983,0.829754,0,0.2,0.5,1,2.5
91.6193,0.787296,0,0.2,0.5,1,2.5
91.8404,0.745945,0,0.2,0.5,1,2.5
92.0618,0.7057,0,0.2,0.5,1,2.5
92.2834,0.666561,0,0.2,0.5,1,2.5
92.5051,0.628532,0,0.2,0.5,1,2.5
92.7271,0.591614,0,0.2,0.5,1,2.5
92.9492,0.555801,0,0.2,0.5,1,2.5
93.1715,0.521103,0,0.2,0.5,1,2.5
93.394,0.487514,0,0.2,0.5,1,2.5
93.6167,0.455044,0,0.2,0.5,1,2.5
93.8395,0.423683,0,0.2,0.5,1,2.5
94.0625,0.393436,0,0.2,0.5,1,2.5
94.2856,0.364307,0,0.2,0.5,1,2.5
94.5088,0.336288,0,0.2,0.5,1,2.5
94.7322,0.309391,0,0.2,0.5,1,2.5
94.9557,0.283611,0,0.2,0.5,1,2.5
95.1794,0.258949,0,0.2,0.5,1,2.5
95.4032,0.235405,0,0.2,0.5,1,2.5
95.627,0.212982,0,0.2,0.5,1,2.5
95.851,0.191673,0,0.2,0.5,1,2.5
96.0751,0.17149,0,0.2,0.5,1,2.5
96.2993,0.152424,0,0.2,0.5,1,2.5
96.5236,0.13448,0,0.2,0.5,1,2.5
96.748,0.117661,0,0.2,0.5,1,2.5
96.9724,0.101963,0,0.2,0.5,1,2.5
97.197,0.0873833,0,0.2,0.5,1,2.5
97.4216,0.0739288,0,0.2,0.5,1,2.5
97.6462,0.0615997,0,0.2,0.5,1,2.5
97.871,0.0503922,0,0.2,0.5,1,2.5
98.0957,0.0403099,0,0.2,0.5,1,2.5
98.3206,0.0313492,0,0.2,0.5,1,2.5
98.5454,0.0235138,0,0.2,0.5,1,2.5
98.7703,0.0168037,0,0.2,0.5,1,2.5
98.9953,0.0112152,0,0.2,0.5,1,2.5
99.2202,0.00675583,0,0.2,0.5,1,2.5
99.4452,0.00341797,0,0.2,0.5,1,2.5
99.6702,0.00120926,0,0.2,0.5,1,2.5
99.8952,0.00012207,0,0.2,0.5,1,2.5
99.9998,0,0,0.2,0.5,1,2.5
100.225,-0.00056076,0,0.2,0.5,1,2.5
100.45,-0.00224686,0,0.2,0.5,1,2.5
100.675,-0.00505829,0,0.2,0.5,1,2.5
100.9,-0.00899506,0,0.2,0.5,1,2.5
101.125,-0.0140572,0,0.2,0.5,1,2.5
101.35,-0.0202408,0,0.2,0.5,1,2.5
101.575,-0.0275536,0,0.2,0.5,1,2.5
101.799,-0.0359917,0,0.2,0.5,1,2.5
102.024,-0.0455475,0,0.2,0.5,1,2.5
102.249,-0.0562286,0,0.2,0.5,1,2.5
102.474,-0.0680351,0,0.2,0.5,1,2.5
102.698,-0.0809669,0,0.2,0.5,1,2.5
102.923,-0.0950165,0,0.2,0.5,1,2.5
103.147,-0.110191,0,0.2,0.5,1,2.5
103.372,-0.126492,0,0.2,0.5,1,2.5
103.596,-0.143909,0,0.2,0.5,1,2.5
103.82,-0.162449,0,0.2,0.5,1,2.5
104.044,-0.18211,0,0.2,0.5,1,2.5
104.268,-0.202892,0,0.2,0.5,1,2.5
104.492,-0.224796,0,0.2,0.5,1,2.5
104.716,-0.247818,0,0.2,0.5,1,2.5
104.94,-0.271957,0,0.2,0.5,1,2.5
105.163,-0.297215,0,0.2,0.5,1,2.5
105.387,-0.323593,0,0.2,0.5,1,2.5
105.61,-0.351086,0,0.2,0.5,1,2.5
105.833,-0.379692,0,0.2,0.5,1,2.5
106.056,-0.409416,0,0.2,0.5,1,2.5
106.279,-0.440258,0,0.2,0.5,1,2.5
106.502,-0.47221,0,0.2,0.5,1,2.5
106.725,-0.505276,0,0.2,0.5,1,2.5
106.947,-0.539455,0,0.2,0.5,1,2.5
107.169,-0.574745,0,0.2,0.5,1,2.5
107.391,-0.611145,0,0.2,0.5,1,2.5
107.613,-0.648659,0,0.2,0.5,1,2.5
107.835,-0.687275,0,0.2,0.5,1,2.5
108.056,-0.727001,0,0.2,0.5,1,2.5
108.277,-0.767838,0,0.2,0.5,1,2.5
108.498,-0.809776,0,0.2,0.5,1,2.5
108.719,-0.852821,0,0.2,0.5,1,2.5
108.94,-0.896973,0,0.2,0.5,1,2.5
109.16,-0.942219,0,0.2,0.5,1,2.5
109.381,-0.988575,0,0.2,0.5,1,2.5
109.6,-1.03603,0,0.2,0.5,1,2.5
109.82,-1.08458,0,0.2,0.5,1,2.5
110.04,-1.13422,0,0.2,0.5,1,2.5
110.259,-1.18497,0,0.2,0.5,1,2.5
110.478,-1.23682,0,0.2,0.5,1,2.5
110.696,-1.28975,0,0.2,0.5,1,2.5
110.915,-1.34378,0,0.2,0.5,1,2.5
111.133,-1.3989,0,0.2,0.5,1,2.5
111.351,-1.45511,0,0.2,0.5,1,2.5
111.568,-1.51241,0,0.2,0.5,1,2.5
111.786,-1.57079,0,0.2,0.5,1,2.5
112.003,-1.63026,0,0.2,0.5,1,2.5
112.219,-1.69082,0,0.2,0.5,1,2.5
112.436,-1.75246,0,0.2,0.5,1,2.5
112.652,-1.81518,0,0.2,0.5,1,2.5
112.868,-1.87897,0,0.2,0.5,1,2.5
113.083,-1.94385,0,0.2,0.5,1,2.5
113.298,-2.00981,0,0.2,0.5,1,2.5
113.513,-2.07684,0,0.2,0.5,1,2.5
113.727,-2.14494,0,0.2,0.5,1,2.5
113.942,-2.21411,0,0.2,0.5,1,2.5
114.155,-2.28435,0,0.2,0.5,1,2.5
114.369,-2.35566,0,0.2,0.5,1,2.5
114.582,-2.42804,0,0.2,0.5,1,2.5
114.794,-2.50148,0,0.2,0.5,1,2.5
115.007,-2.57598,0,0.2,0.5,1,2.5
115.219,-2.65154,0,0.2,0.5,1,2.5
115.43,-2.72816,0,0.2,0.5,1,2.5
115.641,-2.80585,0,0.2,0.5,1,2.5
115.852,-2.88458,0,0.2,0.5,1,2.5
116.063,-2.96437,0,0.2,0.5,1,2.5
116.273,-3.0452,0,0.2,0.5,1,2.5
116.482,-3.12709,0,0.2,0.5,1,2.5
116.691,-3.21003,0,0.2,0.5,1,2.5
116.9,-3.294,0,0.2,0.5,1,2.5
117.108,-3.37902,0,0.2,0.5,1,2.5
117.316,-3.46508,0,0.2,0.5,1,2.5
117.524,-3.55219,0,0.2,0.5,1,2.5
117.731,-3.64032,0,0.2,0.5,1,2.5
117.937,-3.72949,0,0.2,0.5,1,2.5
118.143,-3.81969,0,0.2,0.5,1,2.5
118.349,-3.91092,0,0.2,0.5,1,2.5
118.554,-4.00319,0,0.2,0.5,1,2.5
118.759,-4.09647,0,0.2,0.5,1,2.5
118.963,-4.19077,0,0.2,0.5,1,2.5
119.167,-4.2861,0,0.2,0.5,1,2.5
119.37,-4.38244,0,0.2,0.5,1,2.5
119.573,-4.4798,0,0.2,0.5,1,2.5
119.776,-4.57817,0,0.2,0.5,1,2.5
119.978,-4.67756,0,0.2,0.5,1,2.5
120.179,-4.77795,0,0.2,0.5,1,2.5
120.38,-4.87934,0,0.2,0.5,1,2.5
120.58,-4.98174,0,0.2,0.5,1,2.5
120.78,-5.08514,0,0.2,0.5,1,2.5
120.979,-5.18954,0,0.2,0.5,1,2.5
121.178,-5.29494,0,0.2,0.5,1,2.5
121.376,-5.40132,0,0.2,0.5,1,2.5
121.574,-5.5087,0,0.2,0.5,1,2.5
121.771,-5.61706,0,0.2,0.5,1,2.5
121.968,-5.72641,0,0.2,0.5,1,2.5
122.164,-5.83673,0,0.2,0.5,1,2.5
122.359,-5.94804,0,0.2,0.5,1,2.5
122.554,-6.06033,0,0.2,0.5,1,2.5
122.749,-6.17359,0,0.2,0.5,1,2.5
122.943,-6.28782,0,0.2,0.5,1,2.5
123.136,-6.40302,0,0.2,0.5,1,2.5
123.329,-6.51918,0,0.2,0.5,1,2.5
123.521,-6.6363,0,0.2,0.5,1,2.5
123.712,-6.75438,0,0.2,0.5,1,2.5
123.903,-6.87342,0,0.2,0.5,1,2.5
124.094,-6.99341,0,0.2,0.5,1,2.5
124.283,-7.11436,0,0.2,0.5,1,2.5
124.472,-7.23624,0,0.2,0.5,1,2.5
124.661,-7.35908,0,0.2,0.5,1,2.5
124.849,-7.48285,0,0.2,0.5,1,2.5
125.036,-7.60757,0,0.2,0.5,1,2.5
125.223,-7.73321,0,0.2,0.5,1,2.5
125.409,-7.85979,0,0.2,0.5,1,2.5
125.594,-7.9873,0,0.2,0.5,1,2.5
125.779,-8.11573,0,0.2,0.5,1,2.5
125.963,-8.24509,0,0.2,0.5,1,2.5
126.146,-8.37536,0,0.2,0.5,1,2.5
126.329,-8.50655,0,0.2,0.5,1,2.5
126.511,-8.63865,0,0.2,0.5,1,2.5
126.693,-8.77166,0,0.2,0.5,1,2.5
126.874,-8.90558,0,0.2,0.5,1,2.5
127.054,-9.0404,0,0.2,0.5,1,2.5
127.233,-9.17611,0,0.2,0.5,1,2.5
127.412,-9.31273,0,0.2,0.5,1,2.5
127.59,-9.45023,0,0.2,0.5,1,2.5
127.768,-9.58863,0,0.2,0.5,1,2.5
127.944,-9.72791,0,0.2,0.5,1,2.5
128.12,-9.86807,0,0.2,0.5,1,2.5
128.296,-10.0091,0,0.2,0.5,1,2.5
128.47,-10.151,0,0.2,0.5,1,2.5
128.644,-10.2938,0,0.2,0.5,1,2.5
128.817,-10.4375,0,0.2,0.5,1,2.5
128.99,-10.582,0,0.2,0.5,1,2.5
129.161,-10.7274,0,0.2,0.5,1,2.5
129.332,-10.8736,0,0.2,0.5,1,2.5
129.503,-11.0207,0,0.2,0.5,1,2.5
129.672,-11.1686,0,0.2,0.5,1,2.5
129.841,-11.3174,0,0.2,0.5,1,2.5
130.009,-11.467,0,0.2,0.5,1,2.5
130.176,-11.6175,0,0.2,0.5,1,2.5
130.343,-11.7688,0,0.2,0.5,1,2.5
130.509,-11.9209,0,0.2,0.5,1,2.5
130.674,-12.0739,0,0.2,0.5,1,2.5
130.838,-12.2276,0,0.2,0.5,1,2.5
131.001,-12.3822,0,0.2,0.5,1,2.5
131.164,-12.5377,0,0.2,0.5,1,2.5
131.326,-12.6939,0,0.2,0.5,1,2.5
131.487,-12.8509,0,0.2,0.5,1,2.5
131.647,-13.0088,0,0.2,0.5,1,2.5
131.807,-13.1674,0,0.2,0.5,1,2.5
131.966,-13.3268,0,0.2,0.5,1,2.5
132.124,-13.487,0,0.2,0.5,1,2.5
132.281,-13.6481,0,0.2,0.5,1,2.5
132.437,-13.8099,0,0.2,0.5,1,2.5
132.593,-13.9724,0,0.2,0.5,1,2.5
132.748,-14.1358,0,0.2,0.5,1,2.5
132.901,-14.2999,0,0.2,0.5,1,2.5
133.055,-14.4648,0,0.2,0.5,1,2.5
133.207,-14.6304,0,0.2,0.5,1,2.5
133.358,-14.7969,0,0.2,0.5,1,2.5
133.509,-14.964,0,0.2,0.5,1,2.5
133.659,-15.1319,0,0.2,0.5,1,2.5
133.807,-15.3006,0,0.2,0.5,1,2.5
133.956,-15.47,0,0.2,0.5,1,2.5
134.103,-15.6402,0,0.2,0.5,1,2.5
134.249,-15.811,0,0.2,0.5,1,2.5
134.395,-15.9827,0,0.2,0.5,1,2.5
134.539,-16.155,0,0.2,0.5,1,2.5
134.683,-16.328,0,0.2,0.5,1,2.5
134.826,-16.5018,0,0.2,0.5,1,2.5
134.968,-16.6763,0,0.2,0.5,1,2.5
135.109,-16.8515,0,0.2,0.5,1,2.5
135.25,-17.0274,0,0.2,0.5,1,2.5
135.389,-17.204,0,0.2,0.5,1,2.5
135.528,-17.3813,0,0.2,0.5,1,2.5
135.665,-17.5593,0,0.2,0.5,1,2.5
135.802,-17.7379,0,0.2,0.5,1,2.5
135.938,-17.9173,0,0.2,0.5,1,2.5
136.073,-18.0973,0,0.2,0.5,1,2.5
136.207,-18.278,0,0.2,0.5,1,2.5
136.34,-18.4594,0,0.2,0.5,1,2.5
136.472,-18.6414,0,0.2,0.5,1,2.5
136.604,-18.8241,0,0.2,0.5,1,2.5
136.734,-19.0074,0,0.2,0.5,1,2.5
136.863,-19.1914,0,0.2,0.5,1,2.5
136.992,-19.3761,0,0.2,0.5,1,2.5
137.12,-19.5614,0,0.2,0.5,1,2.5
137.246,-19.7473,0,0.2,0.5,1,2.5
137.372,-19.9338,0,0.2,0.5,1,2.5
137.497,-20.121,0,0.2,0.5,1,2.5
137.621,-20.3088,0,0.2,0.5,1,2.5
137.744,-20.4972,0,0.2,0.5,1,2.5
137.866,-20.6862,0,0.2,0.5,1,2.5
137.987,-20.8759,0,0.2,0.5,1,2.5
138.107,-21.0661,0,0.2,0.5,1,2.5
138.227,-21.2569,0,0.2,0.5,1,2.5
138.345,-21.4484,0,0.2,0.5,1,2.5
138.462,-21.6404,0,0.2,0.5,1,2.5
138.578,-21.833,0,0.2,0.5,1,2.5
138.694,-22.0262,0,0.2,0.5,1,2.5
138.808,-22.2199,0,0.2,0.5,1,2.5
138.922,-22.4142,0,0.2,0.5,1,2.5
139.034,-22.6091,0,0.2,0.5,1,2.5
139.145,-22.8046,0,0.2,0.5,1,2.5
139.256,-23.0006,0,0.2,0.5,1,2.5
139.365,-23.1971,0,0.2,0.5,1,2.5
139.474,-23.3942,0,0.2,0.5,1,2.5
139.581,-23.5919,0,0.2,0.5,1,2.5
139.688,-23.79,0,0.2,0.5,1,2.5
139.794,-23.9887,0,0.2,0.5,1,2.5
139.898,-24.188,0,0.2,0.5,1,2.5
140.002,-24.3877,0,0.2,0.5,1,2.5
140.104,-24.588,0,0.2,0.5,1,2.5
140.206,-24.7888,0,0.2,0.5,1,2.5
140.306,-24.99,0,0.2,0.5,1,2.5
140.406,-25.1918,0,0.2,0.5,1,2.5
140.504,-25.3941,0,0.2,0.5,1,2.5
140.602,-25.5969,0,0.2,0.5,1,2.5
140.698,-25.8001,0,0.2,0.5,1,2.5
140.794,-26.0038,0,0.2,0.5,1,2.5
140.888,-26.2081,0,0.2,0.5,1,2.5
140.982,-26.4127,0,0.2,0.5,1,2.5
141.074,-26.6179,0,0.2,0.5,1,2.5
141.166,-26.8235,0,0.2,0.5,1,2.5
141.256,-27.0295,0,0.2,0.5,1,2.5
141.345,-27.236,0,0.2,0.5,1,2.5
141.434,-27.443,0,0.2,0.5,1,2.5
141.521,-27.6504,0,0.2,0.5,1,2.5
141.607,-27.8582,0,0.2,0.5,1,2.5
141.692,-28.0664,0,0.2,0.5,1,2.5
141.777,-28.2751,0,0.2,0.5,1,2.5
141.86,-28.4842,0,0.2,0.5,1,2.5
141.942,-28.6937,0,0.2,0.5,1,2.5
142.023,-28.9036,0,0.2,0.5,1,2.5
142.103,-29.1139,0,0.2,0.5,1,2.5
142.182,-29.3246,0,0.2,0.5,1,2.5
142.259,-29.5357,0,0.2,0.5,1,2.5
142.336,-29.7472,0,0.2,0.5,1,2.5
142.412,-29.9591,0,0.2,0.5,1,2.5
142.487,-30.1713,0,0.2,0.5,1,2.5
142.56,-30.384,0,0.2,0.5,1,2.5
142.633,-30.5969,0,0.2,0.5,1,2.5
142.704,-30.8103,0,0.2,0.5,1,2.5
142.775,-31.024,0,0.2,0.5,1,2.5
142.844,-31.238,0,0.2,0.5,1,2.5
142.912,-31.4524,0,0.2,0.5,1,2.5
142.979,-31.6672,0,0.2,0.5,1,2.5
143.046,-31.8822,0,0.2,0.5,1,2.5
143.111,-32.0976,0,0.2,0.5,1,2.5
143.175,-32.3133,0,0.2,0.5,1,2.5
143.238,-32.5294,0,0.2,0.5,1,2.5
143.299,-32.7457,0,0.2,0.5,1,2.5
143.36,-32.9623,0,0.2,0.5,1,2.5
143.42,-33.1793,0,0.2,0.5,1,2.5
143.478,-33.3965,0,0.2,0.5,1,2.5
143.536,-33.6141,0,0.2,0.5,1,2.5
143.592,-33.8319,0,0.2,0.5,1,2.5
143.647,-34.05,0,0.2,0.5,1,2.5
143.702,-34.2684,0,0.2,0.5,1,2.5
143.755,-34.487,0,0.2,0.5,1,2.5
143.807,-34.7059,0,0.2,0.5,1,2.5
143.858,-34.9251,0,0.2,0.5,1,2.5
143.908,-35.1445,0,0.2,0.5,1,2.5
143.956,-35.3641,0,0.2,0.5,1,2.5
144.004,-35.584,0,0.2,0.5,1,2.5
144.05,-35.8042,0,0.2,0.5,1,2.5
144.096,-36.0245,0,0.2,0.5,1,2.5
144.14,-36.2451,0,0.2,0.5,1,2.5
144.183,-36.4659,0,0.2,0.5,1,2.5
144.225,-36.687,0,0.2,0.5,1,2.5
144.266,-36.9082,0,0.2,0.5,1,2.5
144.306,-37.1296,0,0.2,0.5,1,2.5
144.345,-37.3513,0,0.2,0.5,1,2.5
144.383,-37.5731,0,0.2,0.5,1,2.5
144.419,-37.7951,0,0.2,0.5,1,2.5
144.455,-38.0173,0,0.2,0.5,1,2.5
144.489,-38.2396,0,0.2,0.5,1,2.5
144.523,-38.4622,0,0.2,0.5,1,2.5
144.555,-38.6849,0,0.2,0.5,1,2.5
144.586,-38.9077,0,0.2,0.5,1,2.5
144.616,-39.1307,0,0.2,0.5,1,2.5
144.644,-39.3539,0,0.2,0.5,1,2.5
144.672,-39.5772,0,0.2,0.5,1,2.5
144.699,-39.8006,0,0.2,0.5,1,2.5
144.724,-40.0241,0,0.2,0.5,1,2.5
144.748,-40.2478,0,0.2,0.5,1,2.5
144.772,-40.4716,0,0.2,0.5,1,2.5
144.794,-40.6955,0,0.2,0.5,1,2.5
144.815,-40.9196,0,0.2,0.5,1,2.5
144.834,-41.1437,0,0.2,0.5,1,2.5
144.853,-41.3679,0,0.2,0.5,1,2.5
144.871,-41.5922,0,0.2,0.5,1,2.5
144.887,-41.8166,0,0.2,0.5,1,2.5
144.903,-42.0411,0,0.2,0.5,1,2.5
144.917,-42.2656,0,0.2,0.5,1,2.5
144.93,-42.4902,0,0.2,0.5,1,2.5
144.942,-42.7149,0,0.2,0.5,1,2.5
144.953,-42.9397,0,0.2,0.5,1,2.5
144.963,-43.1645,0,0.2,0.5,1,2.5
144.971,-43.3893,0,0.2,0.5,1,2.5
144.979,-43.6142,0,0.2,0.5,1,2.5
144.985,-43.8391,0,0.2,0.5,1,2.5
144.99,-44.064,0,0.2,0.5,1,2.5
144.994,-44.289,0,0.2,0.5,1,2.5
144.997,-44.514,0,0.2,0.5,1,2.5
144.999,-44.7389,0,0.2,0.5,1,2.5
145,-44.9639,0,0.2,0.5,1,2.5
145,-45.1889,0,0.2,0.5,1,2.5
144.998,-45.4139,0,0.2,0.5,1,2.5
144.995,-45.6389,0,0.2,0.5,1,2.5
144.992,-45.8639,0,0.2,0.5,1,2.5
144.987,-46.0888,0,0.2,0.5,1,2.5
144.981,-46.3138,0,0.2,0.5,1,2.5
144.974,-46.5386,0,0.2,0.5,1,2.5
144.965,-46.7635,0,0.2,0.5,1,2.5
144.956,-46.9883,0,0.2,0.5,1,2.5
144.946,-47.213,0,0.2,0.5,1,2.5
144.934,-47.4377,0,0.2,0.5,1,2.5
144.921,-47.6624,0,0.2,0.5,1,2.5
144.907,-47.887,0,0.2,0.5,1,2.5
144.892,-48.1115,0,0.2,0.5,1,2.5
144.876,-48.3359,0,0.2,0.5,1,2.5
144.859,-48.5602,0,0.2,0.5,1,2.5
144.841,-48.7845,0,0.2,0.5,1,2.5
144.821,-49.0086,0,0.2,0.5,1,2.5
144.801,-49.2327,0,0.2,0.5,1,2.5
144.779,-49.4566,0,0.2,0.5,1,2.5
144.756,-49.6805,0,0.2,0.5,1,2.5
144.732,-49.9042,0,0.2,0.5,1,2.5
144.707,-50.1278,0,0.2,0.5,1,2.5
144.681,-50.3512,0,0.2,0.5,1,2.5
144.653,-50.5746,0,0.2,0.5,1,2.5
144.625,-50.7978,0,0.2,0.5,1,2.5
144.595,-51.0208,0,0.2,0.5,1,2.5
144.565,-51.2437,0,0.2,0.5,1,2.5
144.533,-51.4665,0,0.2,0.5,1,2.5
144.5,-51.6891,0,0.2,0.5,1,2.5
144.466,-51.9115,0,0.2,0.5,1,2.5
144.431,-52.1337,0,0.2,0.5,1,2.5
144.395,-52.3558,0,0.2,0.5,1,2.5
144.357,-52.5777,0,0.2,0.5,1,2.5
144.319,-52.7994,0,0.2,0.5,1,2.5
144.279,-53.0209,0,0.2,0.5,1,2.5
144.239,-53.2421,0,0.2,0.5,1,2.5
144.197,-53.4632,0,0.2,0.5,1,2.5
144.154,-53.6841,0,0.2,0.5,1,2.5
144.11,-53.9048,0,0.2,0.5,1,2.5
144.065,-54.1252,0,0.2,0.5,1,2.5
144.019,-54.3454,0,0.2,0.5,1,2.5
143.972,-54.5654,0,0.2,0.5,1,2.5
143.923,-54.7851,0,0.2,0.5,1,2.5
143.874,-55.0046,0,0.2,0.5,1,2.5
143.823,-55.2239,0,0.2,0.5,1,2.5
143.772,-55.4429,0,0.2,0.5,1,2.5
143.719,-55.6616,0,0.2,0.5,1,2.5
143.665,-55.88,0,0.2,0.5,1,2.5
143.61,-56.0982,0,0.2,0.5,1,2.5
143.554,-56.3161,0,0.2,0.5,1,2.5
143.497,-56.5338,0,0.2,0.5,1,2.5
143.439,-56.7511,0,0.2,0.5,1,2.5
143.379,-56.9682,0,0.2,0.5,1,2.5
143.319,-57.1849,0,0.2,0.5,1,2.5
143.257,-57.4013,0,0.2,0.5,1,2.5
143.195,-57.6175,0,0.2,0.5,1,2.5
143.131,-57.8333,0,0.2,0.5,1,2.5
143.067,-58.0488,0,0.2,0.5,1,2.5
143.001,-58.264,0,0.2,0.5,1,2.5
142.934,-58.4788,0,0.2,0.5,1,2.5
142.866,-58.6933,0,0.2,0.5,1,2.5
142.797,-58.9074,0,0.2,0.5,1,2.5
142.727,-59.1213,0,0.2,0.5,1,2.5
142.656,-59.3347,0,0.2,0.5,1,2.5
142.584,-59.5478,0,0.2,0.5,1,2.5
142.51,-59.7605,0,0.2,0.5,1,2.5
142.436,-59.9729,0,0.2,0.5,1,2.5
142.361,-60.1849,0,0.2,0.5,1,2.5
142.284,-60.3965,0,0.2,0.5,1,2.5
142.207,-60.6077,0,0.2,0.5,1,2.5
142.128,-60.8186,0,0.2,0.5,1,2.5
142.048,-61.029,0,0.2,0.5,1,2.5
141.968,-61.2391,0,0.2,0.5,1,2.5
141.886,-61.4487,0,0.2,0.5,1,2.5
141.803,-61.6579,0,0.2,0.5,1,2.5
141.719,-61.8667,0,0.2,0.5,1,2.5
141.635,-62.0751,0,0.2,0.5,1,2.5
141.549,-62.2831,0,0.2,0.5,1,2.5
141.462,-62.4906,0,0.2,0.5,1,2.5
141.374,-62.6977,0,0.2,0.5,1,2.5
141.285,-62.9043,0,0.2,0.5,1,2.5
141.195,-63.1105,0,0.2,0.5,1,2.5
141.104,-63.3163,0,0.2,0.5,1,2.5
141.012,-63.5216,0,0.2,0.5,1,2.5
140.918,-63.7264,0,0.2,0.5,1,2.5
140.824,-63.9308,0,0.2,0.5,1,2.5
140.729,-64.1346,0,0.2,0.5,1,2.5
140.633,-64.338,0,0.2,0.5,1,2.5
140.536,-64.541,0,0.2,0.5,1,2.5
140.438,-64.7434,0,0.2,0.5,1,2.5
140.338,-64.9453,0,0.2,0.5,1,2.5
140.238,-65.1468,0,0.2,0.5,1,2.5
140.137,-65.3477,0,0.2,0.5,1,2.5
140.035,-65.5481,0,0.2,0.5,1,2.5
139.931,-65.7481,0,0.2,0.5,1,2.5
139.827,-65.9475,0,0.2,0.5,1,2.5
139.722,-66.1463,0,0.2,0.5,1,2.5
139.616,-66.3447,0,0.2,0.5,1,2.5
139.508,-66.5425,0,0.2,0.5,1,2.5
139.4,-66.7398,0,0.2,0.5,1,2.5
139.291,-66.9365,0,0.2,0.5,1,2.5
139.181,-67.1327,0,0.2,0.5,1,2.5
139.07,-67.3283,0,0.2,0.5,1,2.5
138.958,-67.5234,0,0.2,0.5,1,2.5
138.845,-67.7179,0,0.2,0.5,1,2.5
138.73,-67.9118,0,0.2,0.5,1,2.5
138.615,-68.1052,0,0.2,0.5,1,2.5
138.499,-68.298,0,0.2,0.5,1,2.5
138.382,-68.4902,0,0.2,0.5,1,2.5
138.265,-68.6818,0,0.2,0.5,1,2.5
138.146,-68.8728,0,0.2,0.5,1,2.5
138.026,-69.0632,0,0.2,0.5,1,2.5
137.905,-69.2531,0,0.2,0.5,1,2.5
137.783,-69.4423,0,0.2,0.5,1,2.5
137.661,-69.6309,0,0.2,0.5,1,2.5
137.537,-69.8189,0,0.2,0.5,1,2.5
137.412,-70.0063,0,0.2,0.5,1,2.5
137.287,-70.193,0,0.2,0.5,1,2.5
137.16,-70.3791,0,0.2,0.5,1,2.5
137.033,-70.5646,0,0.2,0.5,1,2.5
136.905,-70.7495,0,0.2,0.5,1,2.5
136.776,-70.9337,0,0.2,0.5,1,2.5
136.645,-71.1172,0,0.2,0.5,1,2.5
136.514,-71.3001,0,0.2,0.5,1,2.5
136.382,-71.4824,0,0.2,0.5,1,2.5
136.25,-71.6639,0,0.2,0.5,1,2.5
136.116,-71.8448,0,0.2,0.5,1,2.5
135.981,-72.0251,0,0.2,0.5,1,2.5
135.846,-72.2047,0,0.2,0.5,1,2.5
135.709,-72.3835,0,0.2,0.5,1,2.5
135.572,-72.5617,0,0.2,0.5,1,2.5
135.434,-72.7393,0,0.2,0.5,1,2.5
135.294,-72.9161,0,0.2,0.5,1,2.5
135.154,-73.0922,0,0.2,0.5,1,2.5
135.013,-73.2676,0,0.2,0.5,1,2.5
134.872,-73.4423,0,0.2,0.5,1,2.5
134.729,-73.6163,0,0.2,0.5,1,2.5
134.586,-73.7896,0,0.2,0.5,1,2.5
134.441,-73.9622,0,0.2,0.5,1,2.5
134.296,-74.134,0,0.2,0.5,1,2.5
134.15,-74.3051,0,0.2,0.5,1,2.5
134.003,-74.4755,0,0.2,0.5,1,2.5
133.855,-74.6452,0,0.2,0.5,1,2.5
133.706,-74.8141,0,0.2,0.5,1,2.5
133.557,-74.9822,0,0.2,0.5,1,2.5
133.407,-75.1496,0,0.2,0.5,1,2.5
133.255,-75.3163,0,0.2,0.5,1,2.5
133.103,-75.4822,0,0.2,0.5,1,2.5
132.951,-75.6473,0,0.2,0.5,1,2.5
132.797,-75.8117,0,0.2,0.5,1,2.5
132.642,-75.9753,0,0.2,0.5,1,2.5
132.487,-76.1381,0,0.2,0.5,1,2.5
132.331,-76.3002,0,0.2,0.5,1,2.5
132.174,-76.4614,0,0.2,0.5,1,2.5
132.016,-76.6219,0,0.2,0.5,1,2.5
131.858,-76.7816,0,0.2,0.5,1,2.5
131.699,-76.9405,0,0.2,0.5,1,2.5
131.539,-77.0986,0,0.2,0.5,1,2.5
131.378,-77.2559,0,0.2,0.5,1,2.5
131.216,-77.4124,0,0.2,0.5,1,2.5
131.054,-77.568,0,0.2,0.5,1,2.5
130.89,-77.7229,0,0.2,0.5,1,2.5
130.726,-77.8769,0,0.2,0.5,1,2.5
130.562,-78.0302,0,0.2,0.5,1,2.5
130.396,-78.1825,0,0.2,0.5,1,2.5
130.23,-78.3341,0,0.2,0.5,1,2.5
130.063,-78.4848,0,0.2,0.5,1,2.5
129.895,-78.6347,0,0.2,0.5,1,2.5
129.726,-78.7838,0,0.2,0.5,1,2.5
129.557,-78.932,0,0.2,0.5,1,2.5
129.387,-79.0794,0,0.2,0.5,1,2.5
129.216,-79.2259,0,0.2,0.5,1,2.5
129.045,-79.3715,0,0.2,0.5,1,2.5
128.873,-79.5163,0,0.2,0.5,1,2.5
128.7,-79.6602,0,0.2,0.5,1,2.5
128.526,-79.8033,0,0.2,0.5,1,2.5
128.352,-79.9455,0,0.2,0.5,1,2.5
128.176,-80.0868,0,0.2,0.5,1,2.5
128.001,-80.2273,0,0.2,0.5,1,2.5
127.824,-80.3668,0,0.2,0.5,1,2.5
127.647,-80.5055,0,0.2,0.5,1,2.5
127.469,-80.6433,0,0.2,0.5,1,2.5
127.291,-80.7802,0,0.2,0.5,1,2.5
127.111,-80.9162,0,0.2,0.5,1,2.5
126.931,-81.0513,0,0.2,0.5,1,2.5
126.751,-81.1855,0,0.2,0.5,1,2.5
126.57,-81.3188,0,0.2,0.5,1,2.5
126.388,-81.4512,0,0.2,0.5,1,2.5
126.205,-81.5827,0,0.2,0.5,1,2.5
126.022,-81.7133,0,0.2,0.5,1,2.5
125.838,-81.8429,0,0.2,0.5,1,2.5
125.653,-81.9716,0,0.2,0.5,1,2.5
125.468,-82.0994,0,0.2,0.5,1,2.5
125.282,-82.2263,0,0.2,0.5,1,2.5
125.096,-82.3523,0,0.2,0.5,1,2.5
124.909,-82.4773,0,0.2,0.5,1,2.5
124.721,-82.6013,0,0.2,0.5,1,2.5
124.533,-82.7245,0,0.2,0.5,1,2.5
124.344,-82.8467,0,0.2,0.5,1,2.5
124.154,-82.9679,0,0.2,0.5,1,2.5
123.964,-83.0882,0,0.2,0.5,1,2.5
123.774,-83.2076,0,0.2,0.5,1,2.5
123.582,-83.326,0,0.2,0.5,1,2.5
123.39,-83.4434,0,0.2,0.5,1,2.5
123.198,-83.5599,0,0.2,0.5,1,2.5
123.005,-83.6754,0,0.2,0.5,1,2.5
122.811,-83.7899,0,0.2,0.5,1,2.5
122.617,-83.9035,0,0.2,0.5,1,2.5
122.422,-84.0161,0,0.2,0.5,1,2.5
122.227,-84.1277,0,0.2,0.5,1,2.5
122.031,-84.2383,0,0.2,0.5,1,2.5
121.834,-84.348,0,0.2,0.5,1,2.5
121.637,-84.4567,0,0.2,0.5,1,2.5
121.44,-84.5644,0,0.2,0.5,1,2.5
121.242,-84.6711,0,0.2,0.5,1,2.5
121.043,-84.7768,0,0.2,0.5,1,2.5
120.844,-84.8815,0,0.2,0.5,1,2.5
120.644,-84.9852,0,0.2,0.5,1,2.5
120.444,-85.0879,0,0.2,0.5,1,2.5
120.243,-85.1897,0,0.2,0.5,1,2.5
120.042,-85.2904,0,0.2,0.5,1,2.5
119.84,-85.3901,0,0.2,0.5,1,2.5
119.638,-85.4888,0,0.2,0.5,1,2.5
119.436,-85.5865,0,0.2,0.5,1,2.5
119.232,-85.6831,0,0.2,0.5,1,2.5
119.029,-85.7788,0,0.2,0.5,1,2.5
118.825,-85.8734,0,0.2,0.5,1,2.5
118.62,-85.967,0,0.2,0.5,1,2.5
118.415,-86.0596,0,0.2,0.5,1,2.5
118.209,-86.1512,0,0.2,0.5,1,2.5
118.003,-86.2417,0,0.2,0.5,1,2.5
117.797,-86.3312,0,0.2,0.5,1,2.5
117.59,-86.4197,0,0.2,0.5,1,2.5
117.383,-86.5071,0,0.2,0.5,1,2.5
117.175,-86.5935,0,0.2,0.5,1,2.5
116.967,-86.6789,0,0.2,0.5,1,2.5
116.758,-86.7632,0,0.2,0.5,1,2.5
116.549,-86.8464,0,0.2,0.5,1,2.5
116.34,-86.9287,0,0.2,0.5,1,2.5
116.13,-87.0098,0,0.2,0.5,1,2.5
115.92,-87.09,0,0.2,0.5,1,2.5
115.709,-87.169,0,0.2,0.5,1,2.5
115.498,-87.2471,0,0.2,0.5,1,2.5
115.287,-87.324,0,0.2,0.5,1,2.5
115.075,-87.3999,0,0.2,0.5,1,2.5
114.863,-87.4748,0,0.2,0.5,1,2.5
114.65,-87.5485,0,0.2,0.5,1,2.5
114.437,-87.6213,0,0.2,0.5,1,2.5
114.224,-87.6929,0,0.2,0.5,1,2.5
114.01,-87.7635,0,0.2,0.5,1,2.5
113.796,-87.833,0,0.2,0.5,1,2.5
113.582,-87.9015,0,0.2,0.5,1,2.5
113.367,-87.9688,0,0.2,0.5,1,2.5
113.152,-88.0351,0,0.2,0.5,1,2.5
112.937,-88.1003,0,0.2,0.5,1,2.5
112.721,-88.1645,0,0.2,0.5,1,2.5
112.505,-88.2276,0,0.2,0.5,1,2.5
112.289,-88.2895,0,0.2,0.5,1,2.5
112.072,-88.3504,0,0.2,0.5,1,2.5
111.855,-88.4103,0,0.2,0.5,1,2.5
111.638,-88.469,0,0.2,0.5,1,2.5
111.421,-88.5266,0,0.2,0.5,1,2.5
111.203,-88.5832,0,0.2,0.5,1,2.5
110.985,-88.6387,0,0.2,0.5,1,2.5
110.766,-88.6931,0,0.2,0.5,1,2.5
110.548,-88.7463,0,0.2,0.5,1,2.5
110.329,-88.7985,0,0.2,0.5,1,2.5
110.11,-88.8496,0,0.2,0.5,1,2.5
109.891,-88.8996,0,0.2,0.5,1,2.5
109.671,-88.9485,0,0.2,0.5,1,2.5
109.451,-88.9963,0,0.2,0.5,1,2.5
109.231,-89.043,0,0.2,0.5,1,2.5
109.011,-89.0886,0,0.2,0.5,1,2.5
108.79,-89.1331,0,0.2,0.5,1,2.5
108.569,-89.1765,0,0.2,0.5,1,2.5
108.348,-89.2188,0,0.2,0.5,1,2.5
108.127,-89.26,0,0.2,0.5,1,2.5
107.906,-89.3001,0,0.2,0.5,1,2.5
107.684,-89.3391,0,0.2,0.5,1,2.5
107.462,-89.377,0,0.2,0.5,1,2.5
107.24,-89.4137,0,0.2,0.5,1,2.5
107.018,-89.4494,0,0.2,0.5,1,2.5
106.796,-89.4839,0,0.2,0.5,1,2.5
106.573,-89.5173,0,0.2,0.5,1,2.5
106.351,-89.5496,0,0.2,0.5,1,2.5
106.128,-89.5808,0,0.2,0.5,1,2.5
105.905,-89.6109,0,0.2,0.5,1,2.5
105.682,-89.6399,0,0.2,0.5,1,2.5
105.458,-89.6677,0,0.2,0.5,1,2.5
105.235,-89.6945,0,0.2,0.5,1,2.5
105.012,-89.7201,0,0.2,0.5,1,2.5
104.788,-89.7446,0,0.2,0.5,1,2.5
104.564,-89.7679,0,0.2,0.5,1,2.5
104.34,-89.7902,0,0.2,0.5,1,2.5
104.116,-89.8113,0,0.2,0.5,1,2.5
103.892,-89.8314,0,0.2,0.5,1,2.5
103.668,-89.8503,0,0.2,0.5,1,2.5
103.444,-89.868,0,0.2,0.5,1,2.5
103.219,-89.8847,0,0.2,0.5,1,2.5
102.995,-89.9002,0,0.2,0.5,1,2.5
102.77,-89.9147,0,0.2,0.5,1,2.5
102.546,-89.9279,0,0.2,0.5,1,2.5
102.321,-89.9401,0,0.2,0.5,1,2.5
102.096,-89.9512,0,0.2,0.5,1,2.5
101.871,-89.9611,0,0.2,0.5,1,2.5
101.647,-89.9699,0,0.2,0.5,1,2.5
101.422,-89.9775,0,0.2,0.5,1,2.5
101.197,-89.9841,0,0.2,0.5,1,2.5
100.972,-89.9895,0,0.2,0.5,1,2.5
100.747,-89.9938,0,0.2,0.5,1,2.5
100.522,-89.997,0,0.2,0.5,1,2.5
100.297,-89.999,0,0.2,0.5,1,2.5
100.072,-89.9999,0,0.2,0.5,1,2.5
99.847,-89.9997,0,0.2,0.5,1,2.5
99.622,-89.9984,0,0.2,0.5,1,2.5
99.397,-89.996,0,0.2,0.5,1,2.5
99.172,-89.9924,0,0.2,0.5,1,2.5
98.9471,-89.9877,0,0.2,0.5,1,2.5
98.7221,-89.9819,0,0.2,0.5,1,2.5
98.4972,-89.9749,0,0.2,0.5,1,2.5
98.2724,-89.9668,0,0.2,0.5,1,2.5
98.0476,-89.9576,0,0.2,0.5,1,2.5
97.8228,-89.9473,0,0.2,0.5,1,2.5
97.5981,-89.9359,0,0.2,0.5,1,2.5
97.3734,-89.9233,0,0.2,0.5,1,2.5
97.1489,-89.9096,0,0.2,0.5,1,2.5
96.9244,-89.8948,0,0.2,0.5,1,2.5
96.6999,-89.8788,0,0.2,0.5,1,2.5
96.4756,-89.8618,0,0.2,0.5,1,2.5
96.2513,-89.8436,0,0.2,0.5,1,2.5
96.0271,-89.8243,0,0.2,0.5,1,2.5
95.8031,-89.8039,0,0.2,0.5,1,2.5
95.5791,-89.7823,0,0.2,0.5,1,2.5
95.3552,-89.7597,0,0.2,0.5,1,2.5
95.1315,-89.7359,0,0.2,0.5,1,2.5
94.9079,-89.711,0,0.2,0.5,1,2.5
94.6844,-89.6849,0,0.2,0.5,1,2.5
94.461,-89.6578,0,0.2,0.5,1,2.5
94.2378,-89.6296,0,0.2,0.5,1,2.5
94.0147,-89.6002,0,0.2,0.5,1,2.5
93.7918,-89.5697,0,0.2,0.5,1,2.5
93.5691,-89.5381,0,0.2,0.5,1,2.5
93.3464,-89.5054,0,0.2,0.5,1,2.5
93.124,-89.4716,0,0.2,0.5,1,2.5
92.9017,-89.4366,0,0.2,0.5,1,2.5
92.6796,-89.4006,0,0.2,0.5,1,2.5
92.4577,-89.3634,0,0.2,0.5,1,2.5
92.236,-89.3252,0,0.2,0.5,1,2.5
92.0145,-89.2858,0,0.2,0.5,1,2.5
91.7932,-89.2453,0,0.2,0.5,1,2.5
91.572,-89.2037,0,0.2,0.5,1,2.5
91.3511,-89.161,0,0.2,0.5,1,2.5
91.1304,-89.1172,0,0.2,0.5,1,2.5
90.9099,-89.0723,0,0.2,0.5,1,2.5
90.6897,-89.0263,0,0.2,0.5,1,2.5
90.4697,-88.9792,0,0.2,0.5,1,2.5
90.2499,-88.931,0,0.2,0.5,1,2.5
90.0304,-88.8817,0,0.2,0.5,1,2.5
89.8111,-88.8313,0,0.2,0.5,1,2.5
89.5921,-88.7798,0,0.2,0.5,1,2.5
89.3733,-88.7273,0,0.2,0.5,1,2.5
89.1548,-88.6736,0,0.2,0.5,1,2.5
88.9366,-88.6188,0,0.2,0.5,1,2.5
88.7186,-88.5629,0,0.2,0.5,1,2.5
88.5009,-88.506,0,0.2,0.5,1,2.5
88.2835,-88.448,0,0.2,0.5,1,2.5
88.0665,-88.3888,0,0.2,0.5,1,2.5
87.8497,-88.3286,0,0.2,0.5,1,2.5
87.6332,-88.2673,0,0.2,0.5,1,2.5
87.417,-88.205,0,0.2,0.5,1,2.5
87.2011,-88.1415,0,0.2,0.5,1,2.5
86.9856,-88.077,0,0.2,0.5,1,2.5
86.7704,-88.0114,0,0.2,0.5,1,2.5
86.5555,-87.9447,0,0.2,0.5,1,2.5
86.3409,-87.8769,0,0.2,0.5,1,2.5
86.1267,-87.8081,0,0.2,0.5,1,2.5
85.9128,-87.7382,0,0.2,0.5,1,2.5
85.6993,-87.6672,0,0.2,0.5,1,2.5
85.4862,-87.5952,0,0.2,0.5,1,2.5
85.2734,-87.5221,0,0.2,0.5,1,2.5
85.0609,-87.4479,0,0.2,0.5,1,2.5
84.8489,-87.3727,0,0.2,0.5,1,2.5
84.6372,-87.2964,0,0.2,0.5,1,2.5
84.4259,-87.2191,0,0.2,0.5,1,2.5
84.215,-87.1407,0,0.2,0.5,1,2.5
84.0045,-87.0612,0,0.2,0.5,1,2.5
83.7944,-86.9807,0,0.2,0.5,1,2.5
83.5847,-86.8992,0,0.2,0.5,1,2.5
83.3754,-86.8166,0,0.2,0.5,1,2.5
83.1666,-86.7329,0,0.2,0.5,1,2.5
82.9581,-86.6482,0,0.2,0.5,1,2.5
82.7501,-86.5625,0,0.2,0.5,1,2.5
82.5425,-86.4757,0,0.2,0.5,1,2.5
82.3353,-86.3879,0,0.2,0.5,1,2.5
82.1286,-86.2991,0,0.2,0.5,1,2.5
81.9223,-86.2092,0,0.2,0.5,1,2.5
81.7165,-86.1183,0,0.2,0.5,1,2.5
81.5112,-86.0264,0,0.2,0.5,1,2.5
81.3063,-85.9334,0,0.2,0.5,1,2.5
81.1018,-85.8394,0,0.2,0.5,1,2.5
80.8979,-85.7444,0,0.2,0.5,1,2.5
80.6944,-85.6484,0,0.2,0.5,1,2.5
80.4914,-85.5514,0,0.2,0.5,1,2.5
80.2888,-85.4533,0,0.2,0.5,1,2.5
80.0868,-85.3542,0,0.2,0.5,1,2.5
79.8853,-85.2542,0,0.2,0.5,1,2.5
79.6843,-85.1531,0,0.2,0.5,1,2.5
79.4838,-85.051,0,0.2,0.5,1,2.5
79.2838,-84.9479,0,0.2,0.5,1,2.5
79.0843,-84.8438,0,0.2,0.5,1,2.5
78.8853,-84.7388,0,0.2,0.5,1,2.5
78.6869,-84.6327,0,0.2,0.5,1,2.5
78.489,-84.5256,0,0.2,0.5,1,2.5
78.2916,-84.4176,0,0.2,0.5,1,2.5
78.0948,-84.3085,0,0.2,0.5,1,2.5
77.8985,-84.1985,0,0.2,0.5,1,2.5
77.7028,-84.0875,0,0.2,0.5,1,2.5
77.5076,-83.9755,0,0.2,0.5,1,2.5
77.313,-83.8626,0,0.2,0.5,1,2.5
77.119,-83.7487,0,0.2,0.5,1,2.5
76.9255,-83.6338,0,0.2,0.5,1,2.5
76.7327,-83.5179,0,0.2,0.5,1,2.5
76.5404,-83.4011,0,0.2,0.5,1,2.5
76.3486,-83.2833,0,0.2,0.5,1,2.5
76.1575,-83.1646,0,0.2,0.5,1,2.5
75.967,-83.0449,0,0.2,0.5,1,2.5
75.7771,-82.9243,0,0.2,0.5,1,2.5
75.5877,-82.8027,0,0.2,0.5,1,2.5
75.399,-82.6801,0,0.2,0.5,1,2.5
75.2109,-82.5566,0,0.2,0.5,1,2.5
75.0235,-82.4322,0,0.2,0.5,1,2.5
74.8366,-82.3069,0,0.2,0.5,1,2.5
74.6504,-82.1806,0,0.2,0.5,1,2.5
74.4648,-82.0534,0,0.2,0.5,1,2.5
74.2798,-81.9252,0,0.2,0.5,1,2.5
74.0955,-81.7962,0,0.2,0.5,1,2.5
73.9119,-81.6662,0,0.2,0.5,1,2.5
73.7289,-81.5353,0,0.2,0.5,1,2.5
73.5465,-81.4035,0,0.2,0.5,1,2.5
73.3648,-81.2707,0,0.2,0.5,1,2.5
73.1838,-81.1371,0,0.2,0.5,1,2.5
73.0034,-81.0026,0,0.2,0.5,1,2.5
72.8238,-80.8671,0,0.2,0.5,1,2.5
72.6448,-80.7308,0,0.2,0.5,1,2.5
72.4664,-80.5936,0,0.2,0.5,1,2.5
72.2888,-80.4555,0,0.2,0.5,1,2.5
72.1119,-80.3165,0,0.2,0.5,1,2.5
71.9356,-80.1766,0,0.2,0.5,1,2.5
71.7601,-80.0358,0,0.2,0.5,1,2.5
71.5853,-79.8942,0,0.2,0.5,1,2.5
71.4112,-79.7517,0,0.2,0.5,1,2.5
71.2378,-79.6083,0,0.2,0.5,1,2.5
71.0651,-79.464,0,0.2,0.5,1,2.5
70.8931,-79.3189,0,0.2,0.5,1,2.5
70.7219,-79.173,0,0.2,0.5,1,2.5
70.5514,-79.0261,0,0.2,0.5,1,2.5
70.3816,-78.8785,0,0.2,0.5,1,2.5
70.2126,-78.73,0,0.2,0.5,1,2.5
70.0443,-78.5806,0,0.2,0.5,1,2.5
69.8768,-78.4304,0,0.2,0.5,1,2.5
69.71,-78.2794,0,0.2,0.5,1,2.5
69.544,-78.1275,0,0.2,0.5,1,2.5
69.3787,-77.9748,0,0.2,0.5,1,2.5
69.2142,-77.8213,0,0.2,0.5,1,2.5
69.0505,-77.6669,0,0.2,0.5,1,2.5
68.8875,-77.5118,0,0.2,0.5,1,2.5
68.7254,-77.3558,0,0.2,0.5,1,2.5
68.564,-77.199,0,0.2,0.5,1,2.5
68.4034,-77.0414,0,0.2,0.5,1,2.5
68.2436,-76.883,0,0.2,0.5,1,2.5
68.0845,-76.7239,0,0.2,0.5,1,2.5
67.9263,-76.5639,0,0.2,0.5,1,2.5
67.7689,-76.4031,0,0.2,0.5,1,2.5
67.6123,-76.2416,0,0.2,0.5,1,2.5
67.4565,-76.0792,0,0.2,0.5,1,2.5
67.3015,-75.9161,0,0.2,0.5,1,2.5
67.1473,-75.7522,0,0.2,0.5,1,2.5
66.9939,-75.5876,0,0.2,0.5,1,2.5
66.8414,-75.4222,0,0.2,0.5,1,2.5
66.6897,-75.256,0,0.2,0.5,1,2.5
66.5389,-75.0891,0,0.2,0.5,1,2.5
66.3888,-74.9214,0,0.2,0.5,1,2.5
66.2396,-74.7529,0,0.2,0.5,1,2.5
66.0913,-74.5838,0,0.2,0.5,1,2.5
65.9438,-74.4139,0,0.2,0.5,1,2.5
65.7971,-74.2432,0,0.2,0.5,1,2.5
65.6514,-74.0718,0,0.2,0.5,1,2.5
65.5064,-73.8997,0,0.2,0.5,1,2.5
65.3624,-73.7269,0,0.2,0.5,1,2.5
65.2191,-73.5533,0,0.2,0.5,1,2.5
65.0768,-73.3791,0,0.2,0.5,1,2.5
64.9354,-73.2041,0,0.2,0.5,1,2.5
64.7948,-73.0284,0,0.2,0.5,1,2.5
64.6551,-72.852,0,0.2,0.5,1,2.5
64.5162,-72.675,0,0.2,0.5,1,2.5
64.3783,-72.4972,0,0.2,0.5,1,2.5
64.2413,-72.3187,0,0.2,0.5,1,2.5
64.1051,-72.1396,0,0.2,0.5,1,2.5
63.9699,-71.9598,0,0.2,0.5,1,2.5
63.8355,-71.7793,0,0.2,0.5,1,2.5
63.7021,-71.5981,0,0.2,0.5,1,2.5
63.5695,-71.4163,0,0.2,0.5,1,2.5
63.4379,-71.2338,0,0.2,0.5,1,2.5
63.3072,-71.0507,0,0.2,0.5,1,2.5
63.1774,-70.8669,0,0.2,0.5,1,2.5
63.0485,-70.6824,0,0.2,0.5,1,2.5
62.9206,-70.4974,0,0.2,0.5,1,2.5
62.7935,-70.3116,0,0.2,0.5,1,2.5
62.6674,-70.1253,0,0.2,0.5,1,2.5
62.5423,-69.9383,0,0.2,0.5,1,2.5
62.4181,-69.7507,0,0.2,0.5,1,2.5
62.2948,-69.5625,0,0.2,0.5,1,2.5
62.1724,-69.3736,0,0.2,0.5,1,2.5
62.051,-69.1842,0,0.2,0.5,1,2.5
61.9306,-68.9941,0,0.2,0.5,1,2.5
61.8111,-68.8035,0,0.2,0.5,1,2.5
61.6925,-68.6122,0,0.2,0.5,1,2.5
61.575,-68.4204,0,0.2,0.5,1,2.5
61.4583,-68.228,0,0.2,0.5,1,2.5
